{
  "data": {
    "invitationId": "access1",
    "siteId": "site1",
    "place": "Spa",
    "site": "Altos del Sol",
    "description": "Dia de Spa",
    "largeDescription": "Inauguran en el barrio un spa y los invito a probar sus servicios",
    "monday": true,
    "tuesday": true,
    "wednesday": true,
    "thursday": true,
    "friday": true,
    "saturday": true,
    "sunday": true,
    "dateFrom": "2023-04-16T00:00:00Z",
    "dateTo": "2023-04-16T00:00:00Z",
    "hourFrom": 9,
    "minuteFrom": 0,
    "hourTo": 12,
    "minuteTo": 0,
    "roles": ["Admin"],
    "coverImg": "assets/fakse/images/spa1.jpg",
    "presentationImg":  ["assets/fake/images/spa1.jpg", "assets/fake/images/spa2.jpg","assets/fake/images/spa3.jpg"],
    "ownerImg": "assets/fake/images/4s.png",
    "ownerName": "Alejandro",
    "category": {
      "id": "service",
      "description": "Servicio",
      "icon": ["fas", "screwdriver-wrench"]
    }
    
  },
  "message": null,
  "error": null,
  "code": null
}