{
  "configVersion": 1,
  "timestamp": 1698938498728,
  "index": "/index.html",
  "assetGroups": [
    {
      "name": "app",
      "installMode": "prefetch",
      "updateMode": "prefetch",
      "cacheQueryOptions": {
        "ignoreVary": true
      },
      "urls": [
        "/1493.a7ff15aaeb75ac47.js",
        "/1541.361dc0dbe80743f9.js",
        "/1985.b22bf9f4785bf09d.js",
        "/2014.0780e9aeb5ec54be.js",
        "/215.166f52ef6d7dd279.js",
        "/2267.44c3b56214fd68bc.js",
        "/2351.9114a0d0d14de905.js",
        "/2594.de5b0f7e9c4e35c7.js",
        "/2720.9a9987cedf8012cc.js",
        "/2830.0120847b3804f7b6.js",
        "/2865.8dee5b44b13685e9.js",
        "/2927.0e6b14e5fc3484e9.js",
        "/2973.dc7a29ad78324ba8.js",
        "/315.4aefd81c05d03252.js",
        "/3254.4bd6da916a4afb98.js",
        "/326.d8991be614465df0.js",
        "/3512.14f2491a9e59a26a.js",
        "/3668.bdac0107f34784e9.js",
        "/3684.f2499e409b2f96cb.js",
        "/3746.9eb67e2cbe4a9014.js",
        "/3749.66e48124cd260b08.js",
        "/3782.d1406d1b88f7078f.js",
        "/3785.253a72efa994e869.js",
        "/3873.9fa39ca6c5d51d6a.js",
        "/3910.6e7f8d4f93852d2f.js",
        "/4025.cb88fff1f21ec980.js",
        "/4338.e58005e6ad7e34ba.js",
        "/4456.b15e1896ce196258.js",
        "/4679.a7fa39596ca9f0db.js",
        "/4775.c136ebc3c2f5b3f3.js",
        "/494.992794f7a51a73fb.js",
        "/4985.6e2999ecd0215ecf.js",
        "/4990.6639dffb16fab481.js",
        "/5038.39613278e1a0fbf0.js",
        "/5052.8c995522699cb5ee.js",
        "/5096.21fe957b36e81b2f.js",
        "/5105.e7d0e224c62ea18d.js",
        "/5431.54d2ec8d41538043.js",
        "/5464.5fda3b91d7b5de05.js",
        "/5547.002aa456649e2385.js",
        "/5635.6d113a4200a45765.js",
        "/5667.cbb9afe7bad10f53.js",
        "/5804.900f60bd0db0dff9.js",
        "/583.d2983d5955bc0473.js",
        "/586.0e6cbbe313a74edf.js",
        "/6087.f4c0e6d34151acac.js",
        "/6212.70b2c2be5268ce43.js",
        "/6214.6ce10e875b43fd15.js",
        "/6472.8403630311211e11.js",
        "/6568.66bdbff3a0d9d1ab.js",
        "/6603.c0defd12776c84fc.js",
        "/6664.0a9cbec45bfb0420.js",
        "/6734.2f67c953784cd5b3.js",
        "/6766.4cd69cd066182a19.js",
        "/6820.189eb9f4a384748b.js",
        "/6868.921c936defa5882e.js",
        "/6996.d0a22f9994c2101e.js",
        "/7016.aab0bada5a0b9f0b.js",
        "/7030.e57be97315729547.js",
        "/711.9e9fc7567357f073.js",
        "/7236.34b4b489b9f28155.js",
        "/730.f3d2bfcfd62d3a4f.js",
        "/7455.dce12279b1766a58.js",
        "/7457.0d384767f1abd2d0.js",
        "/7489.b01ac182ab9ec040.js",
        "/7567.a52e2f3e69fb1726.js",
        "/7580.f10c4f48fb52c47a.js",
        "/7589.8be9e47af77f25e0.js",
        "/7775.0a9a704fe9bd77f3.js",
        "/7807.5ec6d085540b0fdf.js",
        "/7836.084d3d2a3f8f53d6.js",
        "/8057.8f4cdc316befabef.js",
        "/8138.33642d59a9fd5df3.js",
        "/819.05a1b1445f36c748.js",
        "/8308.c5bd2b5c773744c4.js",
        "/8484.b297111f309fba19.js",
        "/8649.9f92c156e791c221.js",
        "/8765.28868eee89aa1b76.js",
        "/8772.47acbc5e4faa5a11.js",
        "/9034.2e19cd57d31ddf4c.js",
        "/9038.96f2793e9e1a9415.js",
        "/913.5bbf0efbe3ed341b.js",
        "/944.7081afbd019a6d34.js",
        "/9636.fd7d3c7b78a4b7bc.js",
        "/common.012fad047fca8edc.js",
        "/index.html",
        "/main.811856b38255fca5.js",
        "/manifest.json",
        "/polyfills-core-js.5bb30a85bcbf7552.js",
        "/polyfills-dom.c59023f04ff281e7.js",
        "/polyfills.72cfd5f3f3431d51.js",
        "/runtime.fc5890980dcfbb6b.js",
        "/styles.fbbf609c2085033d.css"
      ],
      "patterns": []
    },
    {
      "name": "assets",
      "installMode": "lazy",
      "updateMode": "prefetch",
      "cacheQueryOptions": {
        "ignoreVary": true
      },
      "urls": [
        "/assets/fake/AccessGet.json",
        "/assets/fake/AccessGetAccessPointByIdap1.json",
        "/assets/fake/AccessGetAccessPointByIdap2.json",
        "/assets/fake/AccessGetAccessPointByIdap3.json",
        "/assets/fake/AccessGetAccessPointByIdap4.json",
        "/assets/fake/AccessGetAccessPointFirstStepap1.json",
        "/assets/fake/AccessGetAccessPointFirstStepap2.json",
        "/assets/fake/AccessGetAccessPointInvitationsByIdap1.json",
        "/assets/fake/AccessGetAccessPointSecondStepap2.json",
        "/assets/fake/AccessGetAccessPointThirdStepap2.json",
        "/assets/fake/AccessGetAccessRegisterByIdaccess1.json",
        "/assets/fake/AccessGetAccessRegisterByIdsite1.json",
        "/assets/fake/AccessGetAccessRegisterByIdsite2.json",
        "/assets/fake/AccessGetByIdaccess1.json",
        "/assets/fake/AccessGetByIdaccess2.json",
        "/assets/fake/AccessGetByIdaccess3.json",
        "/assets/fake/AccessGetByIdinv1.json",
        "/assets/fake/AccessGetByIdinv2.json",
        "/assets/fake/AccessGetByIdinv3.json",
        "/assets/fake/AccessGetCategories.json",
        "/assets/fake/AccessGetGuestByIdinv1.json",
        "/assets/fake/AccessGetGuestByIdinv2.json",
        "/assets/fake/AccessGetGuestByIdinv3.json",
        "/assets/fake/AccessGetInvitation.json",
        "/assets/fake/AccessGetInvitationAccessPointssite1.json",
        "/assets/fake/AccessGetInvitationAccessPointssite2.json",
        "/assets/fake/AccessGetInvitationAccessPointssite3.json",
        "/assets/fake/AccessGetInvitationByIdaccess1.json",
        "/assets/fake/AccessGetInvitationByIdaccess2.json",
        "/assets/fake/AccessGetInvitationByIdinv1.json",
        "/assets/fake/AccessGetInvitationByIdinv2.json",
        "/assets/fake/AccessGetInvitationByIdinv3.json",
        "/assets/fake/AccessGetInvitationEditFirstStepinv1.json",
        "/assets/fake/AccessGetInvitationEditFirstStepinv2.json",
        "/assets/fake/AccessGetInvitationEditFirstStepinv3.json",
        "/assets/fake/AccessGetInvitationEditSecondStepaccess1.json",
        "/assets/fake/AccessGetInvitationEditSecondStepinv1.json",
        "/assets/fake/AccessGetInvitationEditSecondStepinv2.json",
        "/assets/fake/AccessGetInvitationEditSecondStepinv3.json",
        "/assets/fake/AccessGetInvitationEditThirdStepinv1.json",
        "/assets/fake/AccessGetInvitationEditThirdStepinv2.json",
        "/assets/fake/AccessGetInvitationEditThirdStepinv3.json",
        "/assets/fake/AccessPostInputByAccessIdap3.json",
        "/assets/fake/ContactGetByInvitationIdaccess1.json",
        "/assets/fake/ContactGetByInvitationIdaccess2.json",
        "/assets/fake/ContactGetByInvitationIdinv1.json",
        "/assets/fake/ContactGetByInvitationIdinv2.json",
        "/assets/fake/ContactGetBySiteAdmin.json",
        "/assets/fake/ContactGetBySiteController.json",
        "/assets/fake/ContactGetBySiteOperator.json",
        "/assets/fake/ContactGetBySiteOwner.json",
        "/assets/fake/ContactGetList.json",
        "/assets/fake/ContactGetNotInvited.json",
        "/assets/fake/ScanGetResultAuthorized.json",
        "/assets/fake/ScanGetResultDenied.json",
        "/assets/fake/ScanGetResultNotAuthorized.json",
        "/assets/fake/SiteGet.json",
        "/assets/fake/SiteGetByIdsite1.json",
        "/assets/fake/SiteGetByIdsite2.json",
        "/assets/fake/SiteGetByIdsite3.json",
        "/assets/fake/SiteGetInvitationsByIdsite1.json",
        "/assets/fake/SiteGetInvitationsByIdsite2.json",
        "/assets/fake/SiteGetListItem.json",
        "/assets/fake/SiteGetWizardFirstStepByIdsite1.json",
        "/assets/fake/SiteGetWizardFirstStepByIdsite2.json",
        "/assets/fake/TermsGet.json",
        "/assets/fake/UserGetNotification.json",
        "/assets/fake/UserGetProfile.json",
        "/assets/fake/images/1s.png",
        "/assets/fake/images/4s.png",
        "/assets/fake/images/accessParty.jpg",
        "/assets/fake/images/altos_del_sol.jpg",
        "/assets/fake/images/andres.jpeg",
        "/assets/fake/images/countryLarge.png",
        "/assets/fake/images/coverSite1.png",
        "/assets/fake/images/coverSite2.png",
        "/assets/fake/images/cumple_laura.jpg",
        "/assets/fake/images/cumple_laura2.jpg",
        "/assets/fake/images/cumple_laura3.jpg",
        "/assets/fake/images/eppical.png",
        "/assets/fake/images/eppical2.jpg",
        "/assets/fake/images/eppical_old.png",
        "/assets/fake/images/gimnasio.jpg",
        "/assets/fake/images/gimnasio_2.jpg",
        "/assets/fake/images/imgCountry.png",
        "/assets/fake/images/imgSports.png",
        "/assets/fake/images/jardineria.jpg",
        "/assets/fake/images/logo-eppical.svg",
        "/assets/fake/images/map-example.png",
        "/assets/fake/images/person_scan.jpg",
        "/assets/fake/images/pizzas.jpg",
        "/assets/fake/images/profile1.png",
        "/assets/fake/images/profile2.png",
        "/assets/fake/images/profile3.png",
        "/assets/fake/images/profile4.png",
        "/assets/fake/images/profile5.png",
        "/assets/fake/images/spa1.jpg",
        "/assets/fake/images/spa2.jpg",
        "/assets/fake/images/spa3.jpg",
        "/assets/fake/images/sportsLarge.png",
        "/assets/fake/images/tenis.jpg",
        "/assets/fake/images/urubo-map.png",
        "/assets/fake/images/urubo1.jpg",
        "/assets/fake/images/urubo2.jpg",
        "/assets/fake/images/urubo3.jpg",
        "/assets/fake/images/urubo3.png",
        "/assets/fake/invitationCategories/education.svg",
        "/assets/fake/invitationCategories/family.svg",
        "/assets/fake/invitationCategories/host.svg",
        "/assets/fake/invitationCategories/job.svg",
        "/assets/fake/invitationCategories/meet.svg",
        "/assets/fake/invitationCategories/other.svg",
        "/assets/fake/invitationCategories/party.svg",
        "/assets/fake/invitationCategories/service.svg",
        "/assets/fake/invitationCategories/sports.svg",
        "/assets/fake/notification/UserGetNotification.json",
        "/assets/fake/notification/notification1.json",
        "/assets/fake/notification/notification2.json",
        "/assets/fake/notification/notification3.json",
        "/assets/fake/siteCategories/building.svg",
        "/assets/fake/siteCategories/club.svg",
        "/assets/fake/siteCategories/commerce.svg",
        "/assets/fake/siteCategories/complex.svg",
        "/assets/fake/siteCategories/country.svg",
        "/assets/fake/siteCategories/factory.svg",
        "/assets/fake/siteCategories/house.svg",
        "/assets/fake/siteCategories/institute.svg",
        "/assets/fake/siteCategories/office.svg",
        "/assets/fake/siteCategories/other.svg",
        "/assets/fake/siteCategories/stadium.svg",
        "/assets/footer/central-icon.svg",
        "/assets/i18n/en.json",
        "/assets/i18n/es.json",
        "/assets/icon/favicon.png",
        "/assets/icons/administrator-icon.svg",
        "/assets/icons/avatar.png",
        "/assets/icons/controller-icon.svg",
        "/assets/icons/error.svg",
        "/assets/icons/globeIcon.png",
        "/assets/icons/icon-128x128.png",
        "/assets/icons/icon-144x144.png",
        "/assets/icons/icon-152x152.png",
        "/assets/icons/icon-192x192.png",
        "/assets/icons/icon-256x256.png",
        "/assets/icons/icon-384x384.png",
        "/assets/icons/icon-512x512.png",
        "/assets/icons/icon-72x72.png",
        "/assets/icons/icon-96x96.png",
        "/assets/icons/iconbanner.svg",
        "/assets/icons/invite-icon.svg",
        "/assets/icons/operator-icon.svg",
        "/assets/icons/owner-icon.svg",
        "/assets/icons/site-icon.svg",
        "/assets/onboarding/phone.png",
        "/assets/onboarding/splash/splash-error.svg",
        "/assets/onboarding/splash/splash01.svg",
        "/assets/onboarding/splash/splash02.svg",
        "/assets/onboarding/splash/splash03.svg",
        "/assets/onboarding/splash/splash04.svg",
        "/assets/shapes.svg",
        "/assets/template/images/preload-logo.png",
        "/flags.f73aa829a0084837.png",
        "/flags@2x.2704c069d12ee746.png",
        "/iconbanner.26cef038ff39cebb.svg",
        "/preload-logo.702f1c443371e24a.png"
      ],
      "patterns": []
    }
  ],
  "dataGroups": [],
  "hashTable": {
    "/1493.a7ff15aaeb75ac47.js": "f9c49d9b42f4151fc413b3230975552852f5e37b",
    "/1541.361dc0dbe80743f9.js": "2db7debbfdfaa20838ef70acc0fbe32452398de6",
    "/1985.b22bf9f4785bf09d.js": "1a351f2e87147d6b4a2ddd185b12cacde75ae272",
    "/2014.0780e9aeb5ec54be.js": "ae6acb3c9a7520e8626a9704ea61e28609b3a6ef",
    "/215.166f52ef6d7dd279.js": "6724b9cfc5ee51dd3f2cfb6122ca72a50bb60a23",
    "/2267.44c3b56214fd68bc.js": "518fda606a243c7b7b8a67006a2124f9eb4117d2",
    "/2351.9114a0d0d14de905.js": "d36e13c145ec654035066bffd99ae871b552e70a",
    "/2594.de5b0f7e9c4e35c7.js": "7abffea5eb9305c9cadc86b9d2b5c26b6741c0d0",
    "/2720.9a9987cedf8012cc.js": "46f67e7ccd97f164ac654f54299a76afa0070d80",
    "/2830.0120847b3804f7b6.js": "62ddd5ca3f72fdfe5c4f1cc070275b187ad184e5",
    "/2865.8dee5b44b13685e9.js": "92bf005058d874abe26eee01b7bc1b5a19e991cc",
    "/2927.0e6b14e5fc3484e9.js": "fc6c0ba69510767bad7b1b9d3fa48e56b0961f3b",
    "/2973.dc7a29ad78324ba8.js": "abc9773c7c459a24006e75945be673c1e0ea263c",
    "/315.4aefd81c05d03252.js": "1af44679fffed79888673dfd9efd433ad529246d",
    "/3254.4bd6da916a4afb98.js": "fbf637c5a2b76d109bc2d747d1948b6abdfe2cb5",
    "/326.d8991be614465df0.js": "bc3eb01489101e0b703b100e165394edd9ab936c",
    "/3512.14f2491a9e59a26a.js": "8af3c896ea1da796f1f0560e7394253cf05b2b3c",
    "/3668.bdac0107f34784e9.js": "d590d39d35a28b79651b47acd8228682a715d7de",
    "/3684.f2499e409b2f96cb.js": "87c597f57bda61ab1d7065f981678558eeb0ddff",
    "/3746.9eb67e2cbe4a9014.js": "a419adccbaec089532eb337bafd0565ee17865a9",
    "/3749.66e48124cd260b08.js": "9b61062ee545032b61d0e0b75162e0dca9aa9308",
    "/3782.d1406d1b88f7078f.js": "122155fbab24498c2222a22fb9877a5d4d174698",
    "/3785.253a72efa994e869.js": "bf1e88f9ae0811230fc5c8f43596ef026fc215d8",
    "/3873.9fa39ca6c5d51d6a.js": "e7e01f942adb7d1ae1a6b8d1eabc422a7f085f8d",
    "/3910.6e7f8d4f93852d2f.js": "fdb1399e31e4f7b6e3eee5fdb01159e99c7916a6",
    "/4025.cb88fff1f21ec980.js": "923314d59a4ed2a06cf3c92cdd0c913cb7152ef4",
    "/4338.e58005e6ad7e34ba.js": "f490c580e4d6e7bbd847948ce68618b0d3d7db3d",
    "/4456.b15e1896ce196258.js": "2582e941d6bbc7c7662184c7f863be15830c998c",
    "/4679.a7fa39596ca9f0db.js": "980aa8a30fd95070d9c9f794e19e80facefaa7a5",
    "/4775.c136ebc3c2f5b3f3.js": "a4af9128fa28197e59fbf730f7b87be3f19214a7",
    "/494.992794f7a51a73fb.js": "0f2c3320b6264919c2f93d4325df787879d8ec45",
    "/4985.6e2999ecd0215ecf.js": "8935de4cd3969ac3a847f2094254bc7d4bd8070d",
    "/4990.6639dffb16fab481.js": "23f71340101328493c3722eaa7ba9d0d3c075b9b",
    "/5038.39613278e1a0fbf0.js": "f50a7e3ad4324390903933e9701490e93084b47b",
    "/5052.8c995522699cb5ee.js": "b48162d9bbcfaf51a41550c0126272c999cb108b",
    "/5096.21fe957b36e81b2f.js": "17554c450435a00dfcd2de56dec1f8e67990f7a9",
    "/5105.e7d0e224c62ea18d.js": "5a0862229f5f41d5e26365cc4049927bbf2d815c",
    "/5431.54d2ec8d41538043.js": "dee4b5a8fb00cf2c7fdc0719916bbd0daeb5f2fb",
    "/5464.5fda3b91d7b5de05.js": "7975d090cec56297f9c369658c9222f36e13177f",
    "/5547.002aa456649e2385.js": "b956d53d196160b965c3c4d0c4635d365bdb37d2",
    "/5635.6d113a4200a45765.js": "2a4971546a76ed99980792f9cd00983bc77d5134",
    "/5667.cbb9afe7bad10f53.js": "0076c8b0c557049cec1d260a29b0e6a67493e308",
    "/5804.900f60bd0db0dff9.js": "b79596cdfbd22055cd1899ac1d16600d4bce6e30",
    "/583.d2983d5955bc0473.js": "3b0ec1e3ecdc89dd70390c03f1cfab20a992bda4",
    "/586.0e6cbbe313a74edf.js": "6a6e5006662e3582faa38d298e78fd86e8ca24fc",
    "/6087.f4c0e6d34151acac.js": "b03cf857d876b61a411b98ce29e1e80f50384528",
    "/6212.70b2c2be5268ce43.js": "aa41a71a928b183720d1536c3b10874c821ae86b",
    "/6214.6ce10e875b43fd15.js": "4eea21e349bd14892b0360c9584c03806314e182",
    "/6472.8403630311211e11.js": "10e4e7d49a9740eeb8946bb9a8e81a73fad75a4c",
    "/6568.66bdbff3a0d9d1ab.js": "7fea953f5476b8a5eecd34d9cf50032b999433c6",
    "/6603.c0defd12776c84fc.js": "aff5be574cc3c14f95bcdec7db2f0d8de66d30c3",
    "/6664.0a9cbec45bfb0420.js": "5feb17c021669df129c4a95852062d737f393ef8",
    "/6734.2f67c953784cd5b3.js": "4962226483d4c27322157a75598b1eef51e096ca",
    "/6766.4cd69cd066182a19.js": "b681d058399f5d34b65c109076e51fc6cc0638c2",
    "/6820.189eb9f4a384748b.js": "a7f492a555c8f80d769f598b36aba0e9f8011667",
    "/6868.921c936defa5882e.js": "ba316d19ae231b20437185bfc21e224c62221ad8",
    "/6996.d0a22f9994c2101e.js": "6c2d0f8551ff4792c0d7448ed01252c7afb609e8",
    "/7016.aab0bada5a0b9f0b.js": "bf9a48d9cba0633f70b2b2269f2d2efaa5ceba36",
    "/7030.e57be97315729547.js": "2eb0071b2b5ea4b407b3047b26efcd01c8130511",
    "/711.9e9fc7567357f073.js": "85e63c56e0b9448aa7cfd4f9cd392b5271b9bccd",
    "/7236.34b4b489b9f28155.js": "c13866ae76482865279411052300be9d05d4de98",
    "/730.f3d2bfcfd62d3a4f.js": "695f738152fe740842eaa65abc9f4996addef24c",
    "/7455.dce12279b1766a58.js": "ce335a65166d02dc297e8e00255697dede24d08a",
    "/7457.0d384767f1abd2d0.js": "7c6d09bb32b67bbf82d1ad8266d8f5ee88de62b4",
    "/7489.b01ac182ab9ec040.js": "af83b141be74481edc5af1f8a651281291f372cf",
    "/7567.a52e2f3e69fb1726.js": "c2ed971549e5cacf3c140d4fa774154dd92416e9",
    "/7580.f10c4f48fb52c47a.js": "8aa0326fcc0ef3b174a6cd2f4ec990a1ddf42dac",
    "/7589.8be9e47af77f25e0.js": "0d1adb4c1ffa6df640675ada56f77466e80ae228",
    "/7775.0a9a704fe9bd77f3.js": "7a3133f33d1738c97a4f02058ed42e842b250a88",
    "/7807.5ec6d085540b0fdf.js": "f0eea2f5c37ccd4e567f3ee6d4ecfc71477b7371",
    "/7836.084d3d2a3f8f53d6.js": "db3150f714c618bad4832c28df2be7d0f27b9a1d",
    "/8057.8f4cdc316befabef.js": "0e00fe534b8d5ebb95c2f69eec93136d9ca94926",
    "/8138.33642d59a9fd5df3.js": "eae58ed1dccfb92d149285535da4253659188fc5",
    "/819.05a1b1445f36c748.js": "8e7d8fd95ff8e2f32fd7ef6f2909a1cfa1da86b1",
    "/8308.c5bd2b5c773744c4.js": "cc1dc51a3d8805145c4805743fdaf06c9e62054e",
    "/8484.b297111f309fba19.js": "c5dab8dd27d5fc1065cf7710becbcd27ac5dad39",
    "/8649.9f92c156e791c221.js": "62a563e1add5fe3a4e338dc0b35e9f17724458af",
    "/8765.28868eee89aa1b76.js": "8d4030123015cc2511632b5fbe6dbec51bd01a1d",
    "/8772.47acbc5e4faa5a11.js": "264fef130a536a5517988e1ea8eff8bf6eed1953",
    "/9034.2e19cd57d31ddf4c.js": "4fa56e6fa1026ee3b93672de54350be348c1f86b",
    "/9038.96f2793e9e1a9415.js": "6b8cf718f8e830f048596a6d68e812e7927689b1",
    "/913.5bbf0efbe3ed341b.js": "549b5e5aad16ac8c6205a0f2519b08f1f0da55d4",
    "/944.7081afbd019a6d34.js": "95cedd24fbcc394c7cfba45822d1f43788e91f7d",
    "/9636.fd7d3c7b78a4b7bc.js": "e9ff1dd9f866dbed3d2db07b8d9d4d24899ba9b6",
    "/assets/fake/AccessGet.json": "7f51d1072e97c315a6b7020f11221af9c07b11c6",
    "/assets/fake/AccessGetAccessPointByIdap1.json": "65617d5eb5e572b0826695a75f8ca11d5d9c62e8",
    "/assets/fake/AccessGetAccessPointByIdap2.json": "54086cb08bacc46cdf390f5dcb1b650af6032cbb",
    "/assets/fake/AccessGetAccessPointByIdap3.json": "136bd84a9eeef888dfd131d656d80bee7cb2e94f",
    "/assets/fake/AccessGetAccessPointByIdap4.json": "764cfc1e77e3f4408cb4fb1f9391aa4458f64513",
    "/assets/fake/AccessGetAccessPointFirstStepap1.json": "da55c19e289e59f5aed7bcf6eb555de8d4c3340d",
    "/assets/fake/AccessGetAccessPointFirstStepap2.json": "448211fee900ea73e79f03be77618037639fe5d1",
    "/assets/fake/AccessGetAccessPointInvitationsByIdap1.json": "21a340f363e0efdc57d024e27084f08b72e1f2a9",
    "/assets/fake/AccessGetAccessPointSecondStepap2.json": "0a2cfbdb549f7ab62f774f8a4de4e8b8c38b266a",
    "/assets/fake/AccessGetAccessPointThirdStepap2.json": "7208322a1c508f137f6ba58be4937b5bdc52ab97",
    "/assets/fake/AccessGetAccessRegisterByIdaccess1.json": "ea2b423d9092e6ce5abdfd155e8629a89c155285",
    "/assets/fake/AccessGetAccessRegisterByIdsite1.json": "b57fad4d28242bee959c3dea4a3aa6ca81078c97",
    "/assets/fake/AccessGetAccessRegisterByIdsite2.json": "366b5094f13b0834ef224d00d4a252986902bbe6",
    "/assets/fake/AccessGetByIdaccess1.json": "b3b8c2132fdff4c6853e73357144c8c45b137960",
    "/assets/fake/AccessGetByIdaccess2.json": "982a8a996d52c0251703276275540ac55e8e8a94",
    "/assets/fake/AccessGetByIdaccess3.json": "6f0e801657fef2a618ad63436bef46bbfddbee58",
    "/assets/fake/AccessGetByIdinv1.json": "52ca7e15e0105543b2c06d1e37848669b4fc2f2d",
    "/assets/fake/AccessGetByIdinv2.json": "59a9d6770f2148f27090245e4cf4237910604498",
    "/assets/fake/AccessGetByIdinv3.json": "2476d1739bd98c1464f830324830310d26d9c738",
    "/assets/fake/AccessGetCategories.json": "3b1758a77c72a891f9c15bdb9043c041162face2",
    "/assets/fake/AccessGetGuestByIdinv1.json": "5b47b750bad3411d93537d387b2b58ebc9fe9cd3",
    "/assets/fake/AccessGetGuestByIdinv2.json": "0fe4cdffd61939c6f67215319f992495eab235ba",
    "/assets/fake/AccessGetGuestByIdinv3.json": "3d904fa3cfbc41a478211f1dc5a6d0c9afeb7dc7",
    "/assets/fake/AccessGetInvitation.json": "21a340f363e0efdc57d024e27084f08b72e1f2a9",
    "/assets/fake/AccessGetInvitationAccessPointssite1.json": "cab7d87e72d9a7b42005fa0aaeffdadaa7530b4e",
    "/assets/fake/AccessGetInvitationAccessPointssite2.json": "168b202da1ee9ba61df19dae0429c65a1e4cd6ac",
    "/assets/fake/AccessGetInvitationAccessPointssite3.json": "40b51cab557ba38188254dc3cf8d82bdffa1c0ce",
    "/assets/fake/AccessGetInvitationByIdaccess1.json": "eaf83a460ed31b8935cfe52fffe383601177f2bb",
    "/assets/fake/AccessGetInvitationByIdaccess2.json": "23cd48bdfc0c54227cc2544b725fb1fbc71ecd74",
    "/assets/fake/AccessGetInvitationByIdinv1.json": "13629266b476f8db74d6311412e77518c73890d9",
    "/assets/fake/AccessGetInvitationByIdinv2.json": "3f2e55133f5bc679f127b97b619b23fcae8705fb",
    "/assets/fake/AccessGetInvitationByIdinv3.json": "13629266b476f8db74d6311412e77518c73890d9",
    "/assets/fake/AccessGetInvitationEditFirstStepinv1.json": "66f60f9d503ec651bcc86b95e3afe7d6322737d0",
    "/assets/fake/AccessGetInvitationEditFirstStepinv2.json": "66f60f9d503ec651bcc86b95e3afe7d6322737d0",
    "/assets/fake/AccessGetInvitationEditFirstStepinv3.json": "66f60f9d503ec651bcc86b95e3afe7d6322737d0",
    "/assets/fake/AccessGetInvitationEditSecondStepaccess1.json": "846cf342ef92c38a5ce6cbd5b0cbabc890f36982",
    "/assets/fake/AccessGetInvitationEditSecondStepinv1.json": "05872b7ab65c8c9be050c18b0368bd7f6936889e",
    "/assets/fake/AccessGetInvitationEditSecondStepinv2.json": "dfdb09effbf1ec1ea98680ce693d59fea5522d38",
    "/assets/fake/AccessGetInvitationEditSecondStepinv3.json": "34ba91dcfa89eed8fc4326eb6830f2e4a75ee3c5",
    "/assets/fake/AccessGetInvitationEditThirdStepinv1.json": "e0968f903c18fa36543662d3ababbc48318d5d06",
    "/assets/fake/AccessGetInvitationEditThirdStepinv2.json": "82a32220137a034e1e4ece30e6bec24fb88e0fa9",
    "/assets/fake/AccessGetInvitationEditThirdStepinv3.json": "a437a2727f09ad25bbe04401ab74ea885a6cf9c8",
    "/assets/fake/AccessPostInputByAccessIdap3.json": "16ab9927d2f531725090d88410adb9d4517edae6",
    "/assets/fake/ContactGetByInvitationIdaccess1.json": "85a9fe38d0b61998de6eb9abcb528df362c0559f",
    "/assets/fake/ContactGetByInvitationIdaccess2.json": "85a9fe38d0b61998de6eb9abcb528df362c0559f",
    "/assets/fake/ContactGetByInvitationIdinv1.json": "85a9fe38d0b61998de6eb9abcb528df362c0559f",
    "/assets/fake/ContactGetByInvitationIdinv2.json": "df36f0c61c48d234121022b691432659207ba869",
    "/assets/fake/ContactGetBySiteAdmin.json": "24e37498d2febb598047615c04b18e94e5c02679",
    "/assets/fake/ContactGetBySiteController.json": "df36f0c61c48d234121022b691432659207ba869",
    "/assets/fake/ContactGetBySiteOperator.json": "df36f0c61c48d234121022b691432659207ba869",
    "/assets/fake/ContactGetBySiteOwner.json": "df36f0c61c48d234121022b691432659207ba869",
    "/assets/fake/ContactGetList.json": "c8e8e17ea021f38f2b8f5d5336a6a8b92be18d1e",
    "/assets/fake/ContactGetNotInvited.json": "6b04c2feb05430b832c4df9823416dfb96fb02ba",
    "/assets/fake/ScanGetResultAuthorized.json": "0a80a7d3401dfb32f1383a213e4cead1b58b3c31",
    "/assets/fake/ScanGetResultDenied.json": "658acf284c21572d569e5dcc30dee43fa99e3427",
    "/assets/fake/ScanGetResultNotAuthorized.json": "ab0c530be505a218001fb593afe7012f88123f21",
    "/assets/fake/SiteGet.json": "f8be66612ca99e42f233ddc9f87b8e567e1f100e",
    "/assets/fake/SiteGetByIdsite1.json": "b405e9009f5269c0c8e2f5413ec5ddbf39dcc558",
    "/assets/fake/SiteGetByIdsite2.json": "b0c846dd470fa9a079646de0d56f54f344f7c51a",
    "/assets/fake/SiteGetByIdsite3.json": "f062170e0e191c15f5f2217fa52edb71ba637f15",
    "/assets/fake/SiteGetInvitationsByIdsite1.json": "ff7f0eb6167cc2e22cdf6ffe2261a5461a5336d9",
    "/assets/fake/SiteGetInvitationsByIdsite2.json": "6197e4b5002dd5769f9e734202b45443c39cb2f1",
    "/assets/fake/SiteGetListItem.json": "82e2806ee6f997ea24f7294670988fbbdfe43fd9",
    "/assets/fake/SiteGetWizardFirstStepByIdsite1.json": "c155d975dcc25634190fb46c32c9768c0f86b0ad",
    "/assets/fake/SiteGetWizardFirstStepByIdsite2.json": "fd939aae4f6fe8808e23c9de4ce87489e5c18aee",
    "/assets/fake/TermsGet.json": "71a882af4793be9f5a21d5d06a77f334fb2858e8",
    "/assets/fake/UserGetNotification.json": "37b65bbdf42cfe9b12bae5fc9386de089f786c0c",
    "/assets/fake/UserGetProfile.json": "8844fd37fd92089a40ee336fbd9549858ce37c06",
    "/assets/fake/images/1s.png": "d712f0ace6210de3a3f7182e7c7a7ab200eeae29",
    "/assets/fake/images/4s.png": "33b95f115b4c3617c236be5d8034a7d15cf7c046",
    "/assets/fake/images/accessParty.jpg": "fe4234265b0c2512f09360727623129320268fd6",
    "/assets/fake/images/altos_del_sol.jpg": "6a68b66db97fbcf199d40eec359fa27a1d84256f",
    "/assets/fake/images/andres.jpeg": "727398526f61aa6150e8fda774c144bf4860da03",
    "/assets/fake/images/countryLarge.png": "7c875c5e3ef7e5b1bf7045c33d7ddebba51492c8",
    "/assets/fake/images/coverSite1.png": "c7e1b9aa5dcf3e4ced83d3f7b0c62246b2f67d6f",
    "/assets/fake/images/coverSite2.png": "d5d5b8a995a1167c7f40b5b9fd17f6eaf0031eac",
    "/assets/fake/images/cumple_laura.jpg": "cac1d7aa9e6da9b53d2a3a49a4d6ffd242b8ba0f",
    "/assets/fake/images/cumple_laura2.jpg": "cfe93712925dee1fc82554a76f45879ea5452a89",
    "/assets/fake/images/cumple_laura3.jpg": "c74b38910619597ee886a08704a1244699294f76",
    "/assets/fake/images/eppical.png": "225965e08504215f02120ff56d056ebd997d05eb",
    "/assets/fake/images/eppical2.jpg": "374565e32ba5c169c56ed3edeca12341f20f2ce8",
    "/assets/fake/images/eppical_old.png": "8b009d30c96272c7b77a7c2f23dcb3df5ea80f37",
    "/assets/fake/images/gimnasio.jpg": "35747cb9875e4a7bd7926a229e615470ea67aadc",
    "/assets/fake/images/gimnasio_2.jpg": "e49e063b1bb19f59e105a9b94047b34250b0114e",
    "/assets/fake/images/imgCountry.png": "fb274d625f48fea901d1630246901abdfb316e63",
    "/assets/fake/images/imgSports.png": "b0b1e1043b84b18536593e934852987ff365ae27",
    "/assets/fake/images/jardineria.jpg": "901650c1a5994565e8999bfc66a5433bc21b3625",
    "/assets/fake/images/logo-eppical.svg": "a4e10403ed607ecc5cc3b3cc7fe6f5d69e69ea92",
    "/assets/fake/images/map-example.png": "f65a56e5e1e1dc464eb3a55203445ff0ce51f8c7",
    "/assets/fake/images/person_scan.jpg": "289c52ccdf4d521a6fecd3ef496ad1ebea7a1ccb",
    "/assets/fake/images/pizzas.jpg": "06fc0e983aadd39d561a46f7f9c14aa7546ce7a4",
    "/assets/fake/images/profile1.png": "0181aeb00c914bad1585a999b65c1261fa2cd511",
    "/assets/fake/images/profile2.png": "f1d01032ad3434f63b1033c8dabacf0b9c996018",
    "/assets/fake/images/profile3.png": "8bbce37a96c7d9313fe028e49d3fd264b3987581",
    "/assets/fake/images/profile4.png": "cf66baaae3ab900e9a15d59072b449f22330b36d",
    "/assets/fake/images/profile5.png": "be6f61268518a8180b28c55c8ead9d03ead09ba2",
    "/assets/fake/images/spa1.jpg": "0dedcada2a3b766de1b935010224cc7b0575c723",
    "/assets/fake/images/spa2.jpg": "010ac4d0ed3831b102b4bab2405b57a8133c3efa",
    "/assets/fake/images/spa3.jpg": "e1da525439d3ffcd0a3fce0a0401171d346e94d3",
    "/assets/fake/images/sportsLarge.png": "24f8e616f26b39b66721d811ba229cdbcf0e2895",
    "/assets/fake/images/tenis.jpg": "c25aa5681d80ad9a8fc43c8e2a8e554333b58bf4",
    "/assets/fake/images/urubo-map.png": "bdb1ba57b35d595dfa4cb29c0c66baa28117b563",
    "/assets/fake/images/urubo1.jpg": "5d35713119baeec75708587d68bf7995b60e28d5",
    "/assets/fake/images/urubo2.jpg": "aed0c76a9c0786e8778506d2aa0fa3234dca3411",
    "/assets/fake/images/urubo3.jpg": "63bcf8d61233294a73dfdc510afac06d60607c64",
    "/assets/fake/images/urubo3.png": "ffad5f4b3712a9748f5253c96f2dff7f02f718da",
    "/assets/fake/invitationCategories/education.svg": "fbc48e24b6ee6be4cb9c2be213053c68d9b38692",
    "/assets/fake/invitationCategories/family.svg": "9be780af84cb2c20a5722140aede441b623f5801",
    "/assets/fake/invitationCategories/host.svg": "679bf7684c05d09fe81dcd00161cf0c82f7505aa",
    "/assets/fake/invitationCategories/job.svg": "e4b5dcd7f71f49737087fe9fc38ada83647d4ffc",
    "/assets/fake/invitationCategories/meet.svg": "1b4a4848a84558d1369c478ddeb5cca4a92ddc38",
    "/assets/fake/invitationCategories/other.svg": "2d5ce6c130ffe956a1d110a1e9b74e835b279708",
    "/assets/fake/invitationCategories/party.svg": "745ae5973483f2add3a2f0aa57844fda14125fae",
    "/assets/fake/invitationCategories/service.svg": "a9c3b5abeaac2c24ed3baccd07f3e7c8603d22d3",
    "/assets/fake/invitationCategories/sports.svg": "727155e795231b270933517598464b6735ffcb79",
    "/assets/fake/notification/UserGetNotification.json": "37b65bbdf42cfe9b12bae5fc9386de089f786c0c",
    "/assets/fake/notification/notification1.json": "ade6235689f6f6ee2328be71c847c3361633f2a5",
    "/assets/fake/notification/notification2.json": "56e295558ed9a3d68ffceb30ad3e3739939527fc",
    "/assets/fake/notification/notification3.json": "7c737924f259da5d9393fc637146c1aa361768ac",
    "/assets/fake/siteCategories/building.svg": "9d850f513f37251aa938e57840080a9b8f11a60b",
    "/assets/fake/siteCategories/club.svg": "ef70ad222222e189cea44cfb9b43f55f90d665d0",
    "/assets/fake/siteCategories/commerce.svg": "9636f5eda638ad7142842bbcd5646ed579d6692c",
    "/assets/fake/siteCategories/complex.svg": "17332e25ca7090398166d7e157404170c0a65ec4",
    "/assets/fake/siteCategories/country.svg": "42a1c5d9d000eded0e8b637a667008dcc025d6ed",
    "/assets/fake/siteCategories/factory.svg": "fa0f073b49003b2b4e62bb0bb8e0ab1aa7f066a1",
    "/assets/fake/siteCategories/house.svg": "487f94b5cb6e46d4836d6c258a2871c3e46d6c94",
    "/assets/fake/siteCategories/institute.svg": "2c5aa28deac14e9bd2dd053aada05dbffb3dd09c",
    "/assets/fake/siteCategories/office.svg": "2cb5f995fe22ca4171500e4e1aefadba9d139771",
    "/assets/fake/siteCategories/other.svg": "2d5ce6c130ffe956a1d110a1e9b74e835b279708",
    "/assets/fake/siteCategories/stadium.svg": "712d5210f37c1782b361fa2845e35847a0464c52",
    "/assets/footer/central-icon.svg": "1c8f2b2c8e4018a39b45985a58b26aaa8627372c",
    "/assets/i18n/en.json": "48f8f0feace452c593c1e4f7357eb4da0ee5887c",
    "/assets/i18n/es.json": "d73c323702225f27cb1aebf226b5606e779cdaf6",
    "/assets/icon/favicon.png": "fbe7f5f6f96326efda6e91d0805d2c13e00f3a98",
    "/assets/icons/administrator-icon.svg": "dc2423c4e7943c5a3b51148170a985f661846353",
    "/assets/icons/avatar.png": "558751a490b0611353c9886af883b1daed64496d",
    "/assets/icons/controller-icon.svg": "65d722baa26b3bc8444c7b83d56cf5458dd4e1c8",
    "/assets/icons/error.svg": "4347d7d8aacfdbba68a334338ce923c7a1bd2184",
    "/assets/icons/globeIcon.png": "d9764ba140af944cef36df30bd73af903121493c",
    "/assets/icons/icon-128x128.png": "c76248686a7068f3c0e5137ddd36e86ea1fd7d1a",
    "/assets/icons/icon-144x144.png": "41492577eab0346a431f9d98fc8bdbeadbd2cac0",
    "/assets/icons/icon-152x152.png": "7a1224e6f04b0cdced460f88ba86ad7c2464c431",
    "/assets/icons/icon-192x192.png": "a683fd9909223b8716ed73e6b23926ca3a0e2c81",
    "/assets/icons/icon-256x256.png": "84cc92cf5dc3bea417877ea7895cfda00ffcfaa6",
    "/assets/icons/icon-384x384.png": "da3e4ec205eb8850463e3304b80c129970b983c2",
    "/assets/icons/icon-512x512.png": "093e2bf10462a97db7fdf70fcd50b4fc716b9c38",
    "/assets/icons/icon-72x72.png": "352458bd18f21a16591033dd5d69e0d7efdae65e",
    "/assets/icons/icon-96x96.png": "2c2c4e878a03deeda0a0fa5cb64ac60345fd3a10",
    "/assets/icons/iconbanner.svg": "8afcb294daaf895ec9521e7fff75e8b660943174",
    "/assets/icons/invite-icon.svg": "0c2ad76c44eb6a20365dce3b18b550d2937d4879",
    "/assets/icons/operator-icon.svg": "e75448aea9d62da9b9053bb842ea2f3e0f538861",
    "/assets/icons/owner-icon.svg": "22390efcc4770f8658e6c9bd525538a2c770b6c6",
    "/assets/icons/site-icon.svg": "70a25b211a03855751bd8156d2d14ffd34036d06",
    "/assets/onboarding/phone.png": "eb4fad63880261e5e0b0f283b28eb41ffa4e44c8",
    "/assets/onboarding/splash/splash-error.svg": "f8148a2366c201beda8222ba1acecdbc3112a73b",
    "/assets/onboarding/splash/splash01.svg": "9ddd7d696bf9a4123f21029726c3b02ec2c4bfeb",
    "/assets/onboarding/splash/splash02.svg": "5cb05fe2e3212c492e89811f127586b932a27a25",
    "/assets/onboarding/splash/splash03.svg": "36e874ee4c09d8264eee3be60197555010404689",
    "/assets/onboarding/splash/splash04.svg": "894916f5567f27efa74b38b1bb78956f1b280f1b",
    "/assets/shapes.svg": "638f87e27e6fc7ddfd6e6b262ea70d690f6c7011",
    "/assets/template/images/preload-logo.png": "4fc404115509f8b6222d064d8c212baba8a6467c",
    "/common.012fad047fca8edc.js": "cf0770c1d58cc9756cba26256fb3d11bbb9e7312",
    "/flags.f73aa829a0084837.png": "21572c9751e5a3dc20395befa0fcb349c32c4811",
    "/flags@2x.2704c069d12ee746.png": "d6f843711c3cfe6d9a037e4c61d293f563e55802",
    "/iconbanner.26cef038ff39cebb.svg": "8afcb294daaf895ec9521e7fff75e8b660943174",
    "/index.html": "29e7dc4de6078be284d5ddd1381afb31a399d949",
    "/main.811856b38255fca5.js": "01afca23740f35cbd5801a20ac70c741b203bf92",
    "/manifest.json": "6b7361ce4ded4da0442241f9123ac028245202ad",
    "/polyfills-core-js.5bb30a85bcbf7552.js": "612f7f5c9e0bbd9c902ec8e23291c7cec2ac1f03",
    "/polyfills-dom.c59023f04ff281e7.js": "aa5bd8604d1ed63db1534994f39dab4fbefa0a36",
    "/polyfills.72cfd5f3f3431d51.js": "1513eb5b3825d4f4cfc07e0982c01b304263bf3a",
    "/preload-logo.702f1c443371e24a.png": "4fc404115509f8b6222d064d8c212baba8a6467c",
    "/runtime.fc5890980dcfbb6b.js": "6b097edfb2e709d6bd7045e1a59f565b34b8bb42",
    "/styles.fbbf609c2085033d.css": "69ca3e5a52a45a4c1b60218834b1287ad64d6f37"
  },
  "navigationUrls": [
    {
      "positive": true,
      "regex": "^\\/.*$"
    },
    {
      "positive": false,
      "regex": "^\\/(?:.+\\/)?[^/]*\\.[^/]*$"
    },
    {
      "positive": false,
      "regex": "^\\/(?:.+\\/)?[^/]*__[^/]*$"
    },
    {
      "positive": false,
      "regex": "^\\/(?:.+\\/)?[^/]*__[^/]*\\/.*$"
    }
  ],
  "navigationRequestStrategy": "performance"
}