{
  "configVersion": 1,
  "timestamp": 1697815824725,
  "index": "/index.html",
  "assetGroups": [
    {
      "name": "app",
      "installMode": "prefetch",
      "updateMode": "prefetch",
      "cacheQueryOptions": {
        "ignoreVary": true
      },
      "urls": [
        "/1493.ec731e1361b1965d.js",
        "/1541.a62f0f9e6600943b.js",
        "/1985.23151054bcfa4fde.js",
        "/2014.0780e9aeb5ec54be.js",
        "/215.4cc1488d5521c600.js",
        "/220.5d99aacdf746d68d.js",
        "/2267.4c7b14d38fff6c19.js",
        "/2351.18968bba298c11bd.js",
        "/2594.324a4b37326c3107.js",
        "/2747.0e7b0b44fd08d1a1.js",
        "/2830.cb2c7e5bea91024e.js",
        "/2927.a5dbbb919dcb1944.js",
        "/2944.ef14d5c5c1ddbfe5.js",
        "/2973.39df2601398e24e1.js",
        "/315.939eaac87bd5f9ac.js",
        "/3254.c4ad8e4258091dd9.js",
        "/326.f318839a65646bd7.js",
        "/3512.ba855bb196666536.js",
        "/3668.42d6a5a0cc1fd56e.js",
        "/3746.728b07e2ee5fee5d.js",
        "/3749.0a3fa3f9da817244.js",
        "/3785.72a5bee5e1aa1c5a.js",
        "/3873.44f1ba2f801dee98.js",
        "/4025.6b7f6ae896fdba80.js",
        "/4338.2afc73973ed99fe2.js",
        "/4456.31c3568c87b2063b.js",
        "/4679.e008e5f3b103d12f.js",
        "/4775.7a25465b785a0ad2.js",
        "/494.992794f7a51a73fb.js",
        "/4985.19f7542b3c9b4bc5.js",
        "/4990.bb5ee9c1a8cb4359.js",
        "/5038.a07d1f34c8e1fccc.js",
        "/5052.941d3bed4a61f876.js",
        "/5096.c4796e9cc7d3158e.js",
        "/5105.3aa8f42cfa7e2478.js",
        "/5304.1889499485e40d96.js",
        "/5431.8cc088f65795bd17.js",
        "/5464.32b2059cc375c4e3.js",
        "/5547.a6fccd40c00a7ba7.js",
        "/5635.0c6931ea234340eb.js",
        "/5667.cbb9afe7bad10f53.js",
        "/5804.22a515b5e614ab8e.js",
        "/583.d2983d5955bc0473.js",
        "/586.5919e56ddc0c883e.js",
        "/6087.e6bf2f3c5ebfa2cf.js",
        "/6212.3a1ac8d7c81d79c5.js",
        "/6214.6ce10e875b43fd15.js",
        "/6472.31b90adba3425f0f.js",
        "/6568.1b09e05e7a67076f.js",
        "/6603.c0defd12776c84fc.js",
        "/6664.664fec16e0aabeab.js",
        "/6734.8fb7e75a58cf2b30.js",
        "/6766.162b95737a20f521.js",
        "/6820.189eb9f4a384748b.js",
        "/6868.ea635f65d37833f0.js",
        "/7016.37b41249ed20035e.js",
        "/7030.f82657d016698cb2.js",
        "/711.d9c77d3934e19a40.js",
        "/7236.94ce0b8c63ed9dec.js",
        "/730.b7836c85780f6bd3.js",
        "/7455.62980a6523e98bbf.js",
        "/7457.0d384767f1abd2d0.js",
        "/7489.2afe149cba10c932.js",
        "/7567.16c64b639ebb9080.js",
        "/7589.746843230e2e8290.js",
        "/7775.0a9a704fe9bd77f3.js",
        "/7807.45b9cd36e069ea2b.js",
        "/7836.7eeccedf82f2192b.js",
        "/8057.3e49a6e6cfee20f2.js",
        "/8138.33642d59a9fd5df3.js",
        "/819.2fdf056e33d0d179.js",
        "/8308.c5bd2b5c773744c4.js",
        "/8484.37a27b8ee26d0c78.js",
        "/8649.512eeb52e9236984.js",
        "/8765.175721eff7540d89.js",
        "/8772.47acbc5e4faa5a11.js",
        "/9034.146ff9d286da6652.js",
        "/9038.3736e3aa0757c82a.js",
        "/913.a7a947c93b5ae2cb.js",
        "/944.03f29c9579dc5dcb.js",
        "/9636.f0d2fcd1eaefaab4.js",
        "/common.043f41593b366552.js",
        "/index.html",
        "/main.b295301b54e9c145.js",
        "/manifest.json",
        "/polyfills-core-js.5bb30a85bcbf7552.js",
        "/polyfills-dom.c59023f04ff281e7.js",
        "/polyfills.5bd42fde26fd81e9.js",
        "/runtime.845828362d332f75.js",
        "/styles.5f97c8cecd8819de.css"
      ],
      "patterns": []
    },
    {
      "name": "assets",
      "installMode": "lazy",
      "updateMode": "prefetch",
      "cacheQueryOptions": {
        "ignoreVary": true
      },
      "urls": [
        "/assets/fake/AccessGet.json",
        "/assets/fake/AccessGetAccessPointByIdap1.json",
        "/assets/fake/AccessGetAccessPointByIdap2.json",
        "/assets/fake/AccessGetAccessPointByIdap3.json",
        "/assets/fake/AccessGetAccessPointByIdap4.json",
        "/assets/fake/AccessGetAccessPointFirstStepap1.json",
        "/assets/fake/AccessGetAccessPointFirstStepap2.json",
        "/assets/fake/AccessGetAccessPointInvitationsByIdap1.json",
        "/assets/fake/AccessGetAccessPointSecondStepap2.json",
        "/assets/fake/AccessGetAccessPointThirdStepap2.json",
        "/assets/fake/AccessGetAccessRegisterByIdaccess1.json",
        "/assets/fake/AccessGetAccessRegisterByIdsite1.json",
        "/assets/fake/AccessGetAccessRegisterByIdsite2.json",
        "/assets/fake/AccessGetByIdaccess1.json",
        "/assets/fake/AccessGetByIdaccess2.json",
        "/assets/fake/AccessGetByIdaccess3.json",
        "/assets/fake/AccessGetByIdinv1.json",
        "/assets/fake/AccessGetByIdinv2.json",
        "/assets/fake/AccessGetByIdinv3.json",
        "/assets/fake/AccessGetCategories.json",
        "/assets/fake/AccessGetGuestByIdinv1.json",
        "/assets/fake/AccessGetGuestByIdinv2.json",
        "/assets/fake/AccessGetGuestByIdinv3.json",
        "/assets/fake/AccessGetInvitation.json",
        "/assets/fake/AccessGetInvitationAccessPointssite1.json",
        "/assets/fake/AccessGetInvitationAccessPointssite2.json",
        "/assets/fake/AccessGetInvitationAccessPointssite3.json",
        "/assets/fake/AccessGetInvitationByIdaccess1.json",
        "/assets/fake/AccessGetInvitationByIdaccess2.json",
        "/assets/fake/AccessGetInvitationByIdinv1.json",
        "/assets/fake/AccessGetInvitationByIdinv2.json",
        "/assets/fake/AccessGetInvitationByIdinv3.json",
        "/assets/fake/AccessGetInvitationEditFirstStepinv1.json",
        "/assets/fake/AccessGetInvitationEditFirstStepinv2.json",
        "/assets/fake/AccessGetInvitationEditFirstStepinv3.json",
        "/assets/fake/AccessGetInvitationEditSecondStepaccess1.json",
        "/assets/fake/AccessGetInvitationEditSecondStepinv1.json",
        "/assets/fake/AccessGetInvitationEditSecondStepinv2.json",
        "/assets/fake/AccessGetInvitationEditSecondStepinv3.json",
        "/assets/fake/AccessGetInvitationEditThirdStepinv1.json",
        "/assets/fake/AccessGetInvitationEditThirdStepinv2.json",
        "/assets/fake/AccessGetInvitationEditThirdStepinv3.json",
        "/assets/fake/AccessPostInputByAccessIdap3.json",
        "/assets/fake/ContactGetByInvitationIdaccess1.json",
        "/assets/fake/ContactGetByInvitationIdaccess2.json",
        "/assets/fake/ContactGetByInvitationIdinv1.json",
        "/assets/fake/ContactGetByInvitationIdinv2.json",
        "/assets/fake/ContactGetBySiteAdmin.json",
        "/assets/fake/ContactGetBySiteController.json",
        "/assets/fake/ContactGetBySiteOperator.json",
        "/assets/fake/ContactGetBySiteOwner.json",
        "/assets/fake/ContactGetList.json",
        "/assets/fake/ContactGetNotInvited.json",
        "/assets/fake/ScanGetResultAuthorized.json",
        "/assets/fake/ScanGetResultDenied.json",
        "/assets/fake/ScanGetResultNotAuthorized.json",
        "/assets/fake/SiteGet.json",
        "/assets/fake/SiteGetByIdsite1.json",
        "/assets/fake/SiteGetByIdsite2.json",
        "/assets/fake/SiteGetByIdsite3.json",
        "/assets/fake/SiteGetInvitationsByIdsite1.json",
        "/assets/fake/SiteGetInvitationsByIdsite2.json",
        "/assets/fake/SiteGetListItem.json",
        "/assets/fake/SiteGetWizardFirstStepByIdsite1.json",
        "/assets/fake/SiteGetWizardFirstStepByIdsite2.json",
        "/assets/fake/TermsGet.json",
        "/assets/fake/UserGetNotification.json",
        "/assets/fake/UserGetProfile.json",
        "/assets/fake/images/1s.png",
        "/assets/fake/images/4s.png",
        "/assets/fake/images/accessParty.jpg",
        "/assets/fake/images/altos_del_sol.jpg",
        "/assets/fake/images/andres.jpeg",
        "/assets/fake/images/countryLarge.png",
        "/assets/fake/images/coverSite1.png",
        "/assets/fake/images/coverSite2.png",
        "/assets/fake/images/cumple_laura.jpg",
        "/assets/fake/images/cumple_laura2.jpg",
        "/assets/fake/images/cumple_laura3.jpg",
        "/assets/fake/images/eppical.png",
        "/assets/fake/images/eppical2.jpg",
        "/assets/fake/images/eppical_old.png",
        "/assets/fake/images/gimnasio.jpg",
        "/assets/fake/images/gimnasio_2.jpg",
        "/assets/fake/images/imgCountry.png",
        "/assets/fake/images/imgSports.png",
        "/assets/fake/images/jardineria.jpg",
        "/assets/fake/images/logo-eppical.svg",
        "/assets/fake/images/map-example.png",
        "/assets/fake/images/person_scan.jpg",
        "/assets/fake/images/pizzas.jpg",
        "/assets/fake/images/profile1.png",
        "/assets/fake/images/profile2.png",
        "/assets/fake/images/profile3.png",
        "/assets/fake/images/profile4.png",
        "/assets/fake/images/profile5.png",
        "/assets/fake/images/spa1.jpg",
        "/assets/fake/images/spa2.jpg",
        "/assets/fake/images/spa3.jpg",
        "/assets/fake/images/sportsLarge.png",
        "/assets/fake/images/tenis.jpg",
        "/assets/fake/images/urubo-map.png",
        "/assets/fake/images/urubo1.jpg",
        "/assets/fake/images/urubo2.jpg",
        "/assets/fake/images/urubo3.jpg",
        "/assets/fake/images/urubo3.png",
        "/assets/fake/invitationCategories/education.svg",
        "/assets/fake/invitationCategories/family.svg",
        "/assets/fake/invitationCategories/host.svg",
        "/assets/fake/invitationCategories/job.svg",
        "/assets/fake/invitationCategories/meet.svg",
        "/assets/fake/invitationCategories/party.svg",
        "/assets/fake/invitationCategories/service.svg",
        "/assets/fake/invitationCategories/sports.svg",
        "/assets/fake/notification/UserGetNotification.json",
        "/assets/fake/notification/notification1.json",
        "/assets/fake/notification/notification2.json",
        "/assets/fake/notification/notification3.json",
        "/assets/fake/siteCategories/building.svg",
        "/assets/fake/siteCategories/club.svg",
        "/assets/fake/siteCategories/commerce.svg",
        "/assets/fake/siteCategories/complex.svg",
        "/assets/fake/siteCategories/country.svg",
        "/assets/fake/siteCategories/factory.svg",
        "/assets/fake/siteCategories/house.svg",
        "/assets/fake/siteCategories/institute.svg",
        "/assets/fake/siteCategories/office.svg",
        "/assets/fake/siteCategories/stadium.svg",
        "/assets/footer/central-icon.svg",
        "/assets/i18n/en.json",
        "/assets/i18n/es.json",
        "/assets/icon/favicon.png",
        "/assets/icons/administrator-icon.svg",
        "/assets/icons/avatar.png",
        "/assets/icons/controller-icon.svg",
        "/assets/icons/error.svg",
        "/assets/icons/globeIcon.png",
        "/assets/icons/icon-128x128.png",
        "/assets/icons/icon-144x144.png",
        "/assets/icons/icon-152x152.png",
        "/assets/icons/icon-192x192.png",
        "/assets/icons/icon-256x256.png",
        "/assets/icons/icon-384x384.png",
        "/assets/icons/icon-512x512.png",
        "/assets/icons/icon-72x72.png",
        "/assets/icons/icon-96x96.png",
        "/assets/icons/iconbanner.svg",
        "/assets/icons/invite-icon.svg",
        "/assets/icons/operator-icon.svg",
        "/assets/icons/owner-icon.svg",
        "/assets/icons/site-icon.svg",
        "/assets/onboarding/phone.png",
        "/assets/onboarding/splash/splash-error.svg",
        "/assets/onboarding/splash/splash01.svg",
        "/assets/onboarding/splash/splash02.svg",
        "/assets/onboarding/splash/splash03.svg",
        "/assets/onboarding/splash/splash04.svg",
        "/assets/shapes.svg",
        "/assets/template/images/preload-logo.png",
        "/flags.f73aa829a0084837.png",
        "/flags@2x.2704c069d12ee746.png",
        "/iconbanner.26cef038ff39cebb.svg",
        "/preload-logo.702f1c443371e24a.png"
      ],
      "patterns": []
    }
  ],
  "dataGroups": [],
  "hashTable": {
    "/1493.ec731e1361b1965d.js": "a0e796d9954ef8e2f45550a49de06b347b79ec85",
    "/1541.a62f0f9e6600943b.js": "4e631c24d7552f8b37199e1d97fba247c8dae9eb",
    "/1985.23151054bcfa4fde.js": "13f299f50e4976a41198bbe9e8203858e3866f48",
    "/2014.0780e9aeb5ec54be.js": "ae6acb3c9a7520e8626a9704ea61e28609b3a6ef",
    "/215.4cc1488d5521c600.js": "c83edb7192f593735c288e614cf9848a55af7cb8",
    "/220.5d99aacdf746d68d.js": "5ba80a9286ea21f0cc6c8ee8ea7393c9fee8dd95",
    "/2267.4c7b14d38fff6c19.js": "2e29a9d61edbf9688d065f25db204edfe9f0daa2",
    "/2351.18968bba298c11bd.js": "b5348473b120c20e65c1c7c850ca88a474e665a3",
    "/2594.324a4b37326c3107.js": "566a9b817965fd89c921a8e41611a22d599e5713",
    "/2747.0e7b0b44fd08d1a1.js": "676bce8fa1911c91b811377387a3f0474fda3100",
    "/2830.cb2c7e5bea91024e.js": "67ce5d47ee16b162b6d6b45f643fc798df977a4f",
    "/2927.a5dbbb919dcb1944.js": "3343e67317282a3e7e8dab3f82321a6384ff6fcd",
    "/2944.ef14d5c5c1ddbfe5.js": "33679cf8498f7edacb1a182c9c115bd0bfefb59e",
    "/2973.39df2601398e24e1.js": "e034f96a02c65c88016eadd17051cdefa1c90613",
    "/315.939eaac87bd5f9ac.js": "72c4f19e3d77bc719f9ff6a8e3e6bb9011312793",
    "/3254.c4ad8e4258091dd9.js": "45866ab54666d9a0851093d4801096651944e530",
    "/326.f318839a65646bd7.js": "b053d41ecbb3837869aad61dbf5df3e04d4bc943",
    "/3512.ba855bb196666536.js": "96b574d8235c6aff5a631db1e4621a6372f2a14f",
    "/3668.42d6a5a0cc1fd56e.js": "cc8ffb79135c2ad11d90f3df29ac141c135a61a1",
    "/3746.728b07e2ee5fee5d.js": "aaa4de3fccce19a0d0c40fb8d56b9f8b67bc263c",
    "/3749.0a3fa3f9da817244.js": "2640ce1ec6386119a0218eca5f5f7de6da5bee4f",
    "/3785.72a5bee5e1aa1c5a.js": "a34bec932cd6672085991fd9f059fc49dbbdb62f",
    "/3873.44f1ba2f801dee98.js": "7398a491f283179cea10fa9bfd13de9be76907c7",
    "/4025.6b7f6ae896fdba80.js": "57b5b166ec1b4a951eca98fa9f4b3f4268d36fe4",
    "/4338.2afc73973ed99fe2.js": "c97e8aa29666196a14102a0e76bdedf23240ee26",
    "/4456.31c3568c87b2063b.js": "7d7a20bf330a7ac21661ac7764839146d382a960",
    "/4679.e008e5f3b103d12f.js": "fb9647db12180b74fe18ff410e92572b80083c1e",
    "/4775.7a25465b785a0ad2.js": "19af223cddaf4fae1cac44138337abb9a0ae5fd9",
    "/494.992794f7a51a73fb.js": "0f2c3320b6264919c2f93d4325df787879d8ec45",
    "/4985.19f7542b3c9b4bc5.js": "44127f0ad0cb35e881478540d2975f67d14661f7",
    "/4990.bb5ee9c1a8cb4359.js": "675edee08e8de4afd0cbfcebc2003cb19491e752",
    "/5038.a07d1f34c8e1fccc.js": "06d2aa64c6998c86fb8afae95df3baebbf06a9cc",
    "/5052.941d3bed4a61f876.js": "b28cbc9cd1c5ae25ae49433cc41633aac63d4a1f",
    "/5096.c4796e9cc7d3158e.js": "9dcbc63887ce1334feb520583c23c832cae286ce",
    "/5105.3aa8f42cfa7e2478.js": "5b75d5682cd27402c7e23c9211e5e55f55ea6f43",
    "/5304.1889499485e40d96.js": "f352704a1c38cea94795e99d4922e1d428de4eb9",
    "/5431.8cc088f65795bd17.js": "8e282047cd4c2ddc66042525a9e8459ea005c7b9",
    "/5464.32b2059cc375c4e3.js": "539ba666f21e07aabd8c572c9fa00d213d450bd3",
    "/5547.a6fccd40c00a7ba7.js": "96f150264936b4c409a430b452d8154f88aa8d40",
    "/5635.0c6931ea234340eb.js": "f413bcb9ad77f567d3401e1179c9f74f17e38158",
    "/5667.cbb9afe7bad10f53.js": "0076c8b0c557049cec1d260a29b0e6a67493e308",
    "/5804.22a515b5e614ab8e.js": "0d55de7c7be4d85186a613499da3193b057b6774",
    "/583.d2983d5955bc0473.js": "3b0ec1e3ecdc89dd70390c03f1cfab20a992bda4",
    "/586.5919e56ddc0c883e.js": "af4e59e423184730c0c7c5b531d9265be643c3b7",
    "/6087.e6bf2f3c5ebfa2cf.js": "56cf60d522a1608dccd7eaaf259a6bddc2016763",
    "/6212.3a1ac8d7c81d79c5.js": "2244bbe16a1a750f05a2d01ea15302e830ac4e56",
    "/6214.6ce10e875b43fd15.js": "4eea21e349bd14892b0360c9584c03806314e182",
    "/6472.31b90adba3425f0f.js": "1e3414fe7d834b3e291a70f9b2e46248a975fe8f",
    "/6568.1b09e05e7a67076f.js": "dfe77cf9da5de7df3f42d3c41a30ba54eb27e68c",
    "/6603.c0defd12776c84fc.js": "aff5be574cc3c14f95bcdec7db2f0d8de66d30c3",
    "/6664.664fec16e0aabeab.js": "405c95c49a8ac015526a077e953db83e7aac7caa",
    "/6734.8fb7e75a58cf2b30.js": "d1c48864611d21c2035ecb9096fb23cc4318b201",
    "/6766.162b95737a20f521.js": "798480d7c2fbf2a80586aedb7422c92d0efb4d7a",
    "/6820.189eb9f4a384748b.js": "a7f492a555c8f80d769f598b36aba0e9f8011667",
    "/6868.ea635f65d37833f0.js": "0988e50e6bb394c62013f24305e2937ef8cfd0a9",
    "/7016.37b41249ed20035e.js": "36adb3701e0f795157eddbaa1b8c64960bf41d69",
    "/7030.f82657d016698cb2.js": "f2d08da6b66a8bb2620375c121a88f97fcebccbc",
    "/711.d9c77d3934e19a40.js": "76d33e52e593fc0821f82b0eea3b8973a8a89ba1",
    "/7236.94ce0b8c63ed9dec.js": "7718bfc62436f1f4220d29eaac62d7bbe813303a",
    "/730.b7836c85780f6bd3.js": "b15953c93840b9a6f9d4766e78a4d5e248161df2",
    "/7455.62980a6523e98bbf.js": "da48a28abf056e36a42305f9ae1d498040c1c0bb",
    "/7457.0d384767f1abd2d0.js": "7c6d09bb32b67bbf82d1ad8266d8f5ee88de62b4",
    "/7489.2afe149cba10c932.js": "e8f48833802e6e0f274e6c6403a5632ea9578236",
    "/7567.16c64b639ebb9080.js": "7444dbca069321e59b173a81a67e7dfd3048fe86",
    "/7589.746843230e2e8290.js": "fe79d1e5dca79d30ef9c20b12fe5f94c71090f99",
    "/7775.0a9a704fe9bd77f3.js": "7a3133f33d1738c97a4f02058ed42e842b250a88",
    "/7807.45b9cd36e069ea2b.js": "419859ec01a03f382cc27ee2642ac4045d628f0c",
    "/7836.7eeccedf82f2192b.js": "98d34b6f444575b3e6f3c80f0e5436c98e50ccd4",
    "/8057.3e49a6e6cfee20f2.js": "dbd062e17642ca5a32c39deee032cf26ab24bd7a",
    "/8138.33642d59a9fd5df3.js": "eae58ed1dccfb92d149285535da4253659188fc5",
    "/819.2fdf056e33d0d179.js": "d257089b905fd9675c2884d6d84ac1ee00304b11",
    "/8308.c5bd2b5c773744c4.js": "cc1dc51a3d8805145c4805743fdaf06c9e62054e",
    "/8484.37a27b8ee26d0c78.js": "86acb600c7b37a5668038250761541c27fa889e8",
    "/8649.512eeb52e9236984.js": "2a5a646250dae215a2df57826bcc34eaec64bfb4",
    "/8765.175721eff7540d89.js": "8a426622558ffbb2473f7b4a823712b57dc9e785",
    "/8772.47acbc5e4faa5a11.js": "264fef130a536a5517988e1ea8eff8bf6eed1953",
    "/9034.146ff9d286da6652.js": "06d013a1e60643fa935c29525c0583b8826ebb2d",
    "/9038.3736e3aa0757c82a.js": "06549300db766a3bdeed2539211b5dac75aed227",
    "/913.a7a947c93b5ae2cb.js": "00c38b43a9b25a597cabbcce4044da6f87e7f89b",
    "/944.03f29c9579dc5dcb.js": "7566efb1b24c27ee9bf366ee95e4d3389d249bc8",
    "/9636.f0d2fcd1eaefaab4.js": "ff5b90c233f4a2afaf8ef8c2ffa4487949330134",
    "/assets/fake/AccessGet.json": "7f51d1072e97c315a6b7020f11221af9c07b11c6",
    "/assets/fake/AccessGetAccessPointByIdap1.json": "65617d5eb5e572b0826695a75f8ca11d5d9c62e8",
    "/assets/fake/AccessGetAccessPointByIdap2.json": "54086cb08bacc46cdf390f5dcb1b650af6032cbb",
    "/assets/fake/AccessGetAccessPointByIdap3.json": "136bd84a9eeef888dfd131d656d80bee7cb2e94f",
    "/assets/fake/AccessGetAccessPointByIdap4.json": "764cfc1e77e3f4408cb4fb1f9391aa4458f64513",
    "/assets/fake/AccessGetAccessPointFirstStepap1.json": "da55c19e289e59f5aed7bcf6eb555de8d4c3340d",
    "/assets/fake/AccessGetAccessPointFirstStepap2.json": "448211fee900ea73e79f03be77618037639fe5d1",
    "/assets/fake/AccessGetAccessPointInvitationsByIdap1.json": "21a340f363e0efdc57d024e27084f08b72e1f2a9",
    "/assets/fake/AccessGetAccessPointSecondStepap2.json": "0a2cfbdb549f7ab62f774f8a4de4e8b8c38b266a",
    "/assets/fake/AccessGetAccessPointThirdStepap2.json": "7208322a1c508f137f6ba58be4937b5bdc52ab97",
    "/assets/fake/AccessGetAccessRegisterByIdaccess1.json": "ea2b423d9092e6ce5abdfd155e8629a89c155285",
    "/assets/fake/AccessGetAccessRegisterByIdsite1.json": "b57fad4d28242bee959c3dea4a3aa6ca81078c97",
    "/assets/fake/AccessGetAccessRegisterByIdsite2.json": "366b5094f13b0834ef224d00d4a252986902bbe6",
    "/assets/fake/AccessGetByIdaccess1.json": "b3b8c2132fdff4c6853e73357144c8c45b137960",
    "/assets/fake/AccessGetByIdaccess2.json": "982a8a996d52c0251703276275540ac55e8e8a94",
    "/assets/fake/AccessGetByIdaccess3.json": "6f0e801657fef2a618ad63436bef46bbfddbee58",
    "/assets/fake/AccessGetByIdinv1.json": "52ca7e15e0105543b2c06d1e37848669b4fc2f2d",
    "/assets/fake/AccessGetByIdinv2.json": "59a9d6770f2148f27090245e4cf4237910604498",
    "/assets/fake/AccessGetByIdinv3.json": "2476d1739bd98c1464f830324830310d26d9c738",
    "/assets/fake/AccessGetCategories.json": "3b1758a77c72a891f9c15bdb9043c041162face2",
    "/assets/fake/AccessGetGuestByIdinv1.json": "5b47b750bad3411d93537d387b2b58ebc9fe9cd3",
    "/assets/fake/AccessGetGuestByIdinv2.json": "0fe4cdffd61939c6f67215319f992495eab235ba",
    "/assets/fake/AccessGetGuestByIdinv3.json": "3d904fa3cfbc41a478211f1dc5a6d0c9afeb7dc7",
    "/assets/fake/AccessGetInvitation.json": "21a340f363e0efdc57d024e27084f08b72e1f2a9",
    "/assets/fake/AccessGetInvitationAccessPointssite1.json": "cab7d87e72d9a7b42005fa0aaeffdadaa7530b4e",
    "/assets/fake/AccessGetInvitationAccessPointssite2.json": "168b202da1ee9ba61df19dae0429c65a1e4cd6ac",
    "/assets/fake/AccessGetInvitationAccessPointssite3.json": "40b51cab557ba38188254dc3cf8d82bdffa1c0ce",
    "/assets/fake/AccessGetInvitationByIdaccess1.json": "eaf83a460ed31b8935cfe52fffe383601177f2bb",
    "/assets/fake/AccessGetInvitationByIdaccess2.json": "23cd48bdfc0c54227cc2544b725fb1fbc71ecd74",
    "/assets/fake/AccessGetInvitationByIdinv1.json": "13629266b476f8db74d6311412e77518c73890d9",
    "/assets/fake/AccessGetInvitationByIdinv2.json": "3f2e55133f5bc679f127b97b619b23fcae8705fb",
    "/assets/fake/AccessGetInvitationByIdinv3.json": "13629266b476f8db74d6311412e77518c73890d9",
    "/assets/fake/AccessGetInvitationEditFirstStepinv1.json": "66f60f9d503ec651bcc86b95e3afe7d6322737d0",
    "/assets/fake/AccessGetInvitationEditFirstStepinv2.json": "66f60f9d503ec651bcc86b95e3afe7d6322737d0",
    "/assets/fake/AccessGetInvitationEditFirstStepinv3.json": "66f60f9d503ec651bcc86b95e3afe7d6322737d0",
    "/assets/fake/AccessGetInvitationEditSecondStepaccess1.json": "846cf342ef92c38a5ce6cbd5b0cbabc890f36982",
    "/assets/fake/AccessGetInvitationEditSecondStepinv1.json": "05872b7ab65c8c9be050c18b0368bd7f6936889e",
    "/assets/fake/AccessGetInvitationEditSecondStepinv2.json": "dfdb09effbf1ec1ea98680ce693d59fea5522d38",
    "/assets/fake/AccessGetInvitationEditSecondStepinv3.json": "34ba91dcfa89eed8fc4326eb6830f2e4a75ee3c5",
    "/assets/fake/AccessGetInvitationEditThirdStepinv1.json": "e0968f903c18fa36543662d3ababbc48318d5d06",
    "/assets/fake/AccessGetInvitationEditThirdStepinv2.json": "82a32220137a034e1e4ece30e6bec24fb88e0fa9",
    "/assets/fake/AccessGetInvitationEditThirdStepinv3.json": "a437a2727f09ad25bbe04401ab74ea885a6cf9c8",
    "/assets/fake/AccessPostInputByAccessIdap3.json": "16ab9927d2f531725090d88410adb9d4517edae6",
    "/assets/fake/ContactGetByInvitationIdaccess1.json": "85a9fe38d0b61998de6eb9abcb528df362c0559f",
    "/assets/fake/ContactGetByInvitationIdaccess2.json": "85a9fe38d0b61998de6eb9abcb528df362c0559f",
    "/assets/fake/ContactGetByInvitationIdinv1.json": "85a9fe38d0b61998de6eb9abcb528df362c0559f",
    "/assets/fake/ContactGetByInvitationIdinv2.json": "df36f0c61c48d234121022b691432659207ba869",
    "/assets/fake/ContactGetBySiteAdmin.json": "24e37498d2febb598047615c04b18e94e5c02679",
    "/assets/fake/ContactGetBySiteController.json": "df36f0c61c48d234121022b691432659207ba869",
    "/assets/fake/ContactGetBySiteOperator.json": "df36f0c61c48d234121022b691432659207ba869",
    "/assets/fake/ContactGetBySiteOwner.json": "df36f0c61c48d234121022b691432659207ba869",
    "/assets/fake/ContactGetList.json": "c8e8e17ea021f38f2b8f5d5336a6a8b92be18d1e",
    "/assets/fake/ContactGetNotInvited.json": "6b04c2feb05430b832c4df9823416dfb96fb02ba",
    "/assets/fake/ScanGetResultAuthorized.json": "0a80a7d3401dfb32f1383a213e4cead1b58b3c31",
    "/assets/fake/ScanGetResultDenied.json": "658acf284c21572d569e5dcc30dee43fa99e3427",
    "/assets/fake/ScanGetResultNotAuthorized.json": "ab0c530be505a218001fb593afe7012f88123f21",
    "/assets/fake/SiteGet.json": "f8be66612ca99e42f233ddc9f87b8e567e1f100e",
    "/assets/fake/SiteGetByIdsite1.json": "b405e9009f5269c0c8e2f5413ec5ddbf39dcc558",
    "/assets/fake/SiteGetByIdsite2.json": "b0c846dd470fa9a079646de0d56f54f344f7c51a",
    "/assets/fake/SiteGetByIdsite3.json": "f062170e0e191c15f5f2217fa52edb71ba637f15",
    "/assets/fake/SiteGetInvitationsByIdsite1.json": "ff7f0eb6167cc2e22cdf6ffe2261a5461a5336d9",
    "/assets/fake/SiteGetInvitationsByIdsite2.json": "6197e4b5002dd5769f9e734202b45443c39cb2f1",
    "/assets/fake/SiteGetListItem.json": "82e2806ee6f997ea24f7294670988fbbdfe43fd9",
    "/assets/fake/SiteGetWizardFirstStepByIdsite1.json": "c155d975dcc25634190fb46c32c9768c0f86b0ad",
    "/assets/fake/SiteGetWizardFirstStepByIdsite2.json": "fd939aae4f6fe8808e23c9de4ce87489e5c18aee",
    "/assets/fake/TermsGet.json": "71a882af4793be9f5a21d5d06a77f334fb2858e8",
    "/assets/fake/UserGetNotification.json": "37b65bbdf42cfe9b12bae5fc9386de089f786c0c",
    "/assets/fake/UserGetProfile.json": "8844fd37fd92089a40ee336fbd9549858ce37c06",
    "/assets/fake/images/1s.png": "d712f0ace6210de3a3f7182e7c7a7ab200eeae29",
    "/assets/fake/images/4s.png": "33b95f115b4c3617c236be5d8034a7d15cf7c046",
    "/assets/fake/images/accessParty.jpg": "fe4234265b0c2512f09360727623129320268fd6",
    "/assets/fake/images/altos_del_sol.jpg": "6a68b66db97fbcf199d40eec359fa27a1d84256f",
    "/assets/fake/images/andres.jpeg": "727398526f61aa6150e8fda774c144bf4860da03",
    "/assets/fake/images/countryLarge.png": "7c875c5e3ef7e5b1bf7045c33d7ddebba51492c8",
    "/assets/fake/images/coverSite1.png": "c7e1b9aa5dcf3e4ced83d3f7b0c62246b2f67d6f",
    "/assets/fake/images/coverSite2.png": "d5d5b8a995a1167c7f40b5b9fd17f6eaf0031eac",
    "/assets/fake/images/cumple_laura.jpg": "cac1d7aa9e6da9b53d2a3a49a4d6ffd242b8ba0f",
    "/assets/fake/images/cumple_laura2.jpg": "cfe93712925dee1fc82554a76f45879ea5452a89",
    "/assets/fake/images/cumple_laura3.jpg": "c74b38910619597ee886a08704a1244699294f76",
    "/assets/fake/images/eppical.png": "225965e08504215f02120ff56d056ebd997d05eb",
    "/assets/fake/images/eppical2.jpg": "374565e32ba5c169c56ed3edeca12341f20f2ce8",
    "/assets/fake/images/eppical_old.png": "8b009d30c96272c7b77a7c2f23dcb3df5ea80f37",
    "/assets/fake/images/gimnasio.jpg": "35747cb9875e4a7bd7926a229e615470ea67aadc",
    "/assets/fake/images/gimnasio_2.jpg": "e49e063b1bb19f59e105a9b94047b34250b0114e",
    "/assets/fake/images/imgCountry.png": "fb274d625f48fea901d1630246901abdfb316e63",
    "/assets/fake/images/imgSports.png": "b0b1e1043b84b18536593e934852987ff365ae27",
    "/assets/fake/images/jardineria.jpg": "901650c1a5994565e8999bfc66a5433bc21b3625",
    "/assets/fake/images/logo-eppical.svg": "a4e10403ed607ecc5cc3b3cc7fe6f5d69e69ea92",
    "/assets/fake/images/map-example.png": "f65a56e5e1e1dc464eb3a55203445ff0ce51f8c7",
    "/assets/fake/images/person_scan.jpg": "289c52ccdf4d521a6fecd3ef496ad1ebea7a1ccb",
    "/assets/fake/images/pizzas.jpg": "06fc0e983aadd39d561a46f7f9c14aa7546ce7a4",
    "/assets/fake/images/profile1.png": "0181aeb00c914bad1585a999b65c1261fa2cd511",
    "/assets/fake/images/profile2.png": "f1d01032ad3434f63b1033c8dabacf0b9c996018",
    "/assets/fake/images/profile3.png": "8bbce37a96c7d9313fe028e49d3fd264b3987581",
    "/assets/fake/images/profile4.png": "cf66baaae3ab900e9a15d59072b449f22330b36d",
    "/assets/fake/images/profile5.png": "be6f61268518a8180b28c55c8ead9d03ead09ba2",
    "/assets/fake/images/spa1.jpg": "0dedcada2a3b766de1b935010224cc7b0575c723",
    "/assets/fake/images/spa2.jpg": "010ac4d0ed3831b102b4bab2405b57a8133c3efa",
    "/assets/fake/images/spa3.jpg": "e1da525439d3ffcd0a3fce0a0401171d346e94d3",
    "/assets/fake/images/sportsLarge.png": "24f8e616f26b39b66721d811ba229cdbcf0e2895",
    "/assets/fake/images/tenis.jpg": "c25aa5681d80ad9a8fc43c8e2a8e554333b58bf4",
    "/assets/fake/images/urubo-map.png": "bdb1ba57b35d595dfa4cb29c0c66baa28117b563",
    "/assets/fake/images/urubo1.jpg": "5d35713119baeec75708587d68bf7995b60e28d5",
    "/assets/fake/images/urubo2.jpg": "aed0c76a9c0786e8778506d2aa0fa3234dca3411",
    "/assets/fake/images/urubo3.jpg": "63bcf8d61233294a73dfdc510afac06d60607c64",
    "/assets/fake/images/urubo3.png": "ffad5f4b3712a9748f5253c96f2dff7f02f718da",
    "/assets/fake/invitationCategories/education.svg": "fbc48e24b6ee6be4cb9c2be213053c68d9b38692",
    "/assets/fake/invitationCategories/family.svg": "9be780af84cb2c20a5722140aede441b623f5801",
    "/assets/fake/invitationCategories/host.svg": "679bf7684c05d09fe81dcd00161cf0c82f7505aa",
    "/assets/fake/invitationCategories/job.svg": "e4b5dcd7f71f49737087fe9fc38ada83647d4ffc",
    "/assets/fake/invitationCategories/meet.svg": "1b4a4848a84558d1369c478ddeb5cca4a92ddc38",
    "/assets/fake/invitationCategories/party.svg": "745ae5973483f2add3a2f0aa57844fda14125fae",
    "/assets/fake/invitationCategories/service.svg": "a9c3b5abeaac2c24ed3baccd07f3e7c8603d22d3",
    "/assets/fake/invitationCategories/sports.svg": "727155e795231b270933517598464b6735ffcb79",
    "/assets/fake/notification/UserGetNotification.json": "37b65bbdf42cfe9b12bae5fc9386de089f786c0c",
    "/assets/fake/notification/notification1.json": "ade6235689f6f6ee2328be71c847c3361633f2a5",
    "/assets/fake/notification/notification2.json": "56e295558ed9a3d68ffceb30ad3e3739939527fc",
    "/assets/fake/notification/notification3.json": "7c737924f259da5d9393fc637146c1aa361768ac",
    "/assets/fake/siteCategories/building.svg": "9d850f513f37251aa938e57840080a9b8f11a60b",
    "/assets/fake/siteCategories/club.svg": "ef70ad222222e189cea44cfb9b43f55f90d665d0",
    "/assets/fake/siteCategories/commerce.svg": "9636f5eda638ad7142842bbcd5646ed579d6692c",
    "/assets/fake/siteCategories/complex.svg": "17332e25ca7090398166d7e157404170c0a65ec4",
    "/assets/fake/siteCategories/country.svg": "42a1c5d9d000eded0e8b637a667008dcc025d6ed",
    "/assets/fake/siteCategories/factory.svg": "fa0f073b49003b2b4e62bb0bb8e0ab1aa7f066a1",
    "/assets/fake/siteCategories/house.svg": "487f94b5cb6e46d4836d6c258a2871c3e46d6c94",
    "/assets/fake/siteCategories/institute.svg": "2c5aa28deac14e9bd2dd053aada05dbffb3dd09c",
    "/assets/fake/siteCategories/office.svg": "2cb5f995fe22ca4171500e4e1aefadba9d139771",
    "/assets/fake/siteCategories/stadium.svg": "712d5210f37c1782b361fa2845e35847a0464c52",
    "/assets/footer/central-icon.svg": "1c8f2b2c8e4018a39b45985a58b26aaa8627372c",
    "/assets/i18n/en.json": "5600423638c3cee8c7ed4b1b37dccd7542a62591",
    "/assets/i18n/es.json": "eb57777c42584d8feb8137d473880b9eee6f2ca1",
    "/assets/icon/favicon.png": "fbe7f5f6f96326efda6e91d0805d2c13e00f3a98",
    "/assets/icons/administrator-icon.svg": "dc2423c4e7943c5a3b51148170a985f661846353",
    "/assets/icons/avatar.png": "558751a490b0611353c9886af883b1daed64496d",
    "/assets/icons/controller-icon.svg": "65d722baa26b3bc8444c7b83d56cf5458dd4e1c8",
    "/assets/icons/error.svg": "4347d7d8aacfdbba68a334338ce923c7a1bd2184",
    "/assets/icons/globeIcon.png": "d9764ba140af944cef36df30bd73af903121493c",
    "/assets/icons/icon-128x128.png": "c76248686a7068f3c0e5137ddd36e86ea1fd7d1a",
    "/assets/icons/icon-144x144.png": "41492577eab0346a431f9d98fc8bdbeadbd2cac0",
    "/assets/icons/icon-152x152.png": "7a1224e6f04b0cdced460f88ba86ad7c2464c431",
    "/assets/icons/icon-192x192.png": "a683fd9909223b8716ed73e6b23926ca3a0e2c81",
    "/assets/icons/icon-256x256.png": "84cc92cf5dc3bea417877ea7895cfda00ffcfaa6",
    "/assets/icons/icon-384x384.png": "da3e4ec205eb8850463e3304b80c129970b983c2",
    "/assets/icons/icon-512x512.png": "093e2bf10462a97db7fdf70fcd50b4fc716b9c38",
    "/assets/icons/icon-72x72.png": "352458bd18f21a16591033dd5d69e0d7efdae65e",
    "/assets/icons/icon-96x96.png": "2c2c4e878a03deeda0a0fa5cb64ac60345fd3a10",
    "/assets/icons/iconbanner.svg": "8afcb294daaf895ec9521e7fff75e8b660943174",
    "/assets/icons/invite-icon.svg": "0c2ad76c44eb6a20365dce3b18b550d2937d4879",
    "/assets/icons/operator-icon.svg": "e75448aea9d62da9b9053bb842ea2f3e0f538861",
    "/assets/icons/owner-icon.svg": "22390efcc4770f8658e6c9bd525538a2c770b6c6",
    "/assets/icons/site-icon.svg": "70a25b211a03855751bd8156d2d14ffd34036d06",
    "/assets/onboarding/phone.png": "eb4fad63880261e5e0b0f283b28eb41ffa4e44c8",
    "/assets/onboarding/splash/splash-error.svg": "f8148a2366c201beda8222ba1acecdbc3112a73b",
    "/assets/onboarding/splash/splash01.svg": "9ddd7d696bf9a4123f21029726c3b02ec2c4bfeb",
    "/assets/onboarding/splash/splash02.svg": "5cb05fe2e3212c492e89811f127586b932a27a25",
    "/assets/onboarding/splash/splash03.svg": "36e874ee4c09d8264eee3be60197555010404689",
    "/assets/onboarding/splash/splash04.svg": "894916f5567f27efa74b38b1bb78956f1b280f1b",
    "/assets/shapes.svg": "638f87e27e6fc7ddfd6e6b262ea70d690f6c7011",
    "/assets/template/images/preload-logo.png": "4fc404115509f8b6222d064d8c212baba8a6467c",
    "/common.043f41593b366552.js": "4567838c1cd98371f4f26fd42172abaaa0c6ee6e",
    "/flags.f73aa829a0084837.png": "21572c9751e5a3dc20395befa0fcb349c32c4811",
    "/flags@2x.2704c069d12ee746.png": "d6f843711c3cfe6d9a037e4c61d293f563e55802",
    "/iconbanner.26cef038ff39cebb.svg": "8afcb294daaf895ec9521e7fff75e8b660943174",
    "/index.html": "dc7d89b553d71276f06db8c49e0bed67cd510db3",
    "/main.b295301b54e9c145.js": "2f409971073e37a5af545d0d81e2a2d151f664bb",
    "/manifest.json": "228d468a2b68eaf735b79fc8e04d48f37de4ba3b",
    "/polyfills-core-js.5bb30a85bcbf7552.js": "612f7f5c9e0bbd9c902ec8e23291c7cec2ac1f03",
    "/polyfills-dom.c59023f04ff281e7.js": "aa5bd8604d1ed63db1534994f39dab4fbefa0a36",
    "/polyfills.5bd42fde26fd81e9.js": "cc6f9a8b7130c9abdcddd95384ff02585eb15648",
    "/preload-logo.702f1c443371e24a.png": "4fc404115509f8b6222d064d8c212baba8a6467c",
    "/runtime.845828362d332f75.js": "15746d5525086573241bbc0209e856c968c404ac",
    "/styles.5f97c8cecd8819de.css": "5c03ab061e118fff0c4b4911b4e67e284d2d7132"
  },
  "navigationUrls": [
    {
      "positive": true,
      "regex": "^\\/.*$"
    },
    {
      "positive": false,
      "regex": "^\\/(?:.+\\/)?[^/]*\\.[^/]*$"
    },
    {
      "positive": false,
      "regex": "^\\/(?:.+\\/)?[^/]*__[^/]*$"
    },
    {
      "positive": false,
      "regex": "^\\/(?:.+\\/)?[^/]*__[^/]*\\/.*$"
    }
  ],
  "navigationRequestStrategy": "performance"
}