{
  "configVersion": 1,
  "timestamp": 1697122865783,
  "index": "/index.html",
  "assetGroups": [
    {
      "name": "app",
      "installMode": "prefetch",
      "updateMode": "prefetch",
      "cacheQueryOptions": {
        "ignoreVary": true
      },
      "urls": [
        "/common.js",
        "/default-node_modules_ionic_core_dist_esm_data-4b448e3a_js-node_modules_ionic_core_dist_esm_th-4e82ad.js",
        "/default-node_modules_ionic_core_dist_esm_form-controller-ed77647a_js-node_modules_ionic_core_-d00699.js",
        "/default-node_modules_ionic_core_dist_esm_keyboard-controller-0c2dce71_js-node_modules_ionic_c-b0fbc0.js",
        "/default-src_app_access_pages_access-point-wizard_new-access-point_business_ts-src_app_shared_-cd58b1.js",
        "/default-src_app_invite_invite_module_ts.js",
        "/default-src_app_shared_shared_module_ts.js",
        "/index.html",
        "/main.js",
        "/manifest.json",
        "/node_modules_capacitor-community_barcode-scanner_dist_esm_web_js.js",
        "/node_modules_capacitor-community_contacts_dist_esm_web_js.js",
        "/node_modules_capacitor-firebase_analytics_dist_esm_web_js.js",
        "/node_modules_capacitor-firebase_remote-config_dist_esm_web_js.js",
        "/node_modules_capacitor-native-biometric_dist_esm_web_js.js",
        "/node_modules_capacitor_app_dist_esm_web_js.js",
        "/node_modules_capacitor_camera_dist_esm_web_js.js",
        "/node_modules_capacitor_device_dist_esm_web_js.js",
        "/node_modules_capacitor_geolocation_dist_esm_web_js.js",
        "/node_modules_capacitor_network_dist_esm_web_js.js",
        "/node_modules_capacitor_share_dist_esm_web_js.js",
        "/node_modules_capacitor_splash-screen_dist_esm_web_js.js",
        "/node_modules_capgo_capacitor-updater_dist_esm_web_js.js",
        "/node_modules_ionic_core_dist_esm_index-f0cc4e14_js.js",
        "/node_modules_ionic_core_dist_esm_input-shims-af993f05_js.js",
        "/node_modules_ionic_core_dist_esm_ion-accordion_2_entry_js.js",
        "/node_modules_ionic_core_dist_esm_ion-action-sheet_entry_js.js",
        "/node_modules_ionic_core_dist_esm_ion-alert_entry_js.js",
        "/node_modules_ionic_core_dist_esm_ion-app_8_entry_js.js",
        "/node_modules_ionic_core_dist_esm_ion-avatar_3_entry_js.js",
        "/node_modules_ionic_core_dist_esm_ion-back-button_entry_js.js",
        "/node_modules_ionic_core_dist_esm_ion-backdrop_entry_js.js",
        "/node_modules_ionic_core_dist_esm_ion-breadcrumb_2_entry_js.js",
        "/node_modules_ionic_core_dist_esm_ion-button_2_entry_js.js",
        "/node_modules_ionic_core_dist_esm_ion-card_5_entry_js.js",
        "/node_modules_ionic_core_dist_esm_ion-checkbox_entry_js.js",
        "/node_modules_ionic_core_dist_esm_ion-chip_entry_js.js",
        "/node_modules_ionic_core_dist_esm_ion-col_3_entry_js.js",
        "/node_modules_ionic_core_dist_esm_ion-datetime-button_entry_js.js",
        "/node_modules_ionic_core_dist_esm_ion-datetime_3_entry_js.js",
        "/node_modules_ionic_core_dist_esm_ion-fab_3_entry_js.js",
        "/node_modules_ionic_core_dist_esm_ion-img_entry_js.js",
        "/node_modules_ionic_core_dist_esm_ion-infinite-scroll_2_entry_js.js",
        "/node_modules_ionic_core_dist_esm_ion-input_entry_js.js",
        "/node_modules_ionic_core_dist_esm_ion-item-option_3_entry_js.js",
        "/node_modules_ionic_core_dist_esm_ion-item_8_entry_js.js",
        "/node_modules_ionic_core_dist_esm_ion-loading_entry_js.js",
        "/node_modules_ionic_core_dist_esm_ion-menu_3_entry_js.js",
        "/node_modules_ionic_core_dist_esm_ion-modal_entry_js.js",
        "/node_modules_ionic_core_dist_esm_ion-nav_2_entry_js.js",
        "/node_modules_ionic_core_dist_esm_ion-picker-column-internal_entry_js.js",
        "/node_modules_ionic_core_dist_esm_ion-picker-internal_entry_js.js",
        "/node_modules_ionic_core_dist_esm_ion-popover_entry_js.js",
        "/node_modules_ionic_core_dist_esm_ion-progress-bar_entry_js.js",
        "/node_modules_ionic_core_dist_esm_ion-radio_2_entry_js.js",
        "/node_modules_ionic_core_dist_esm_ion-range_entry_js.js",
        "/node_modules_ionic_core_dist_esm_ion-refresher_2_entry_js.js",
        "/node_modules_ionic_core_dist_esm_ion-reorder_2_entry_js.js",
        "/node_modules_ionic_core_dist_esm_ion-ripple-effect_entry_js.js",
        "/node_modules_ionic_core_dist_esm_ion-route_4_entry_js.js",
        "/node_modules_ionic_core_dist_esm_ion-searchbar_entry_js.js",
        "/node_modules_ionic_core_dist_esm_ion-segment_2_entry_js.js",
        "/node_modules_ionic_core_dist_esm_ion-select_3_entry_js.js",
        "/node_modules_ionic_core_dist_esm_ion-spinner_entry_js.js",
        "/node_modules_ionic_core_dist_esm_ion-split-pane_entry_js.js",
        "/node_modules_ionic_core_dist_esm_ion-tab-bar_2_entry_js.js",
        "/node_modules_ionic_core_dist_esm_ion-tab_2_entry_js.js",
        "/node_modules_ionic_core_dist_esm_ion-text_entry_js.js",
        "/node_modules_ionic_core_dist_esm_ion-textarea_entry_js.js",
        "/node_modules_ionic_core_dist_esm_ion-toast_entry_js.js",
        "/node_modules_ionic_core_dist_esm_ion-toggle_entry_js.js",
        "/node_modules_ionic_core_dist_esm_status-tap-823a0df3_js.js",
        "/polyfills-core-js.js",
        "/polyfills-dom.js",
        "/polyfills.js",
        "/runtime.js",
        "/src_app_access_access_module_ts.js",
        "/src_app_credential_credential_module_ts.js",
        "/src_app_faq_faq_module_ts.js",
        "/src_app_notification_notification_module_ts.js",
        "/src_app_onboarding_onboarding_module_ts.js",
        "/src_app_profile_profile_module_ts.js",
        "/src_app_scan_scan_module_ts.js",
        "/src_app_shared_pages_error_error_module_ts.js",
        "/src_app_shared_pages_landing_landing_module_ts.js",
        "/src_app_shared_pages_pricing_pricing_module_ts.js",
        "/src_app_sites_sites_module_ts.js",
        "/styles.css",
        "/vendor.js"
      ],
      "patterns": []
    },
    {
      "name": "assets",
      "installMode": "lazy",
      "updateMode": "prefetch",
      "cacheQueryOptions": {
        "ignoreVary": true
      },
      "urls": [
        "/assets/fake/AccessGet.json",
        "/assets/fake/AccessGetAccessPointByIdap1.json",
        "/assets/fake/AccessGetAccessPointByIdap2.json",
        "/assets/fake/AccessGetAccessPointByIdap3.json",
        "/assets/fake/AccessGetAccessPointByIdap4.json",
        "/assets/fake/AccessGetAccessPointFirstStepap1.json",
        "/assets/fake/AccessGetAccessPointFirstStepap2.json",
        "/assets/fake/AccessGetAccessPointInvitationsByIdap1.json",
        "/assets/fake/AccessGetAccessPointSecondStepap2.json",
        "/assets/fake/AccessGetAccessPointThirdStepap2.json",
        "/assets/fake/AccessGetAccessRegisterByIdaccess1.json",
        "/assets/fake/AccessGetAccessRegisterByIdsite1.json",
        "/assets/fake/AccessGetAccessRegisterByIdsite2.json",
        "/assets/fake/AccessGetByIdaccess1.json",
        "/assets/fake/AccessGetByIdaccess2.json",
        "/assets/fake/AccessGetByIdaccess3.json",
        "/assets/fake/AccessGetByIdinv1.json",
        "/assets/fake/AccessGetByIdinv2.json",
        "/assets/fake/AccessGetByIdinv3.json",
        "/assets/fake/AccessGetCategories.json",
        "/assets/fake/AccessGetGuestByIdinv1.json",
        "/assets/fake/AccessGetGuestByIdinv2.json",
        "/assets/fake/AccessGetGuestByIdinv3.json",
        "/assets/fake/AccessGetInvitation.json",
        "/assets/fake/AccessGetInvitationAccessPointssite1.json",
        "/assets/fake/AccessGetInvitationAccessPointssite2.json",
        "/assets/fake/AccessGetInvitationAccessPointssite3.json",
        "/assets/fake/AccessGetInvitationByIdaccess1.json",
        "/assets/fake/AccessGetInvitationByIdaccess2.json",
        "/assets/fake/AccessGetInvitationByIdinv1.json",
        "/assets/fake/AccessGetInvitationByIdinv2.json",
        "/assets/fake/AccessGetInvitationByIdinv3.json",
        "/assets/fake/AccessGetInvitationEditFirstStepinv1.json",
        "/assets/fake/AccessGetInvitationEditFirstStepinv2.json",
        "/assets/fake/AccessGetInvitationEditFirstStepinv3.json",
        "/assets/fake/AccessGetInvitationEditSecondStepaccess1.json",
        "/assets/fake/AccessGetInvitationEditSecondStepinv1.json",
        "/assets/fake/AccessGetInvitationEditSecondStepinv2.json",
        "/assets/fake/AccessGetInvitationEditSecondStepinv3.json",
        "/assets/fake/AccessGetInvitationEditThirdStepinv1.json",
        "/assets/fake/AccessGetInvitationEditThirdStepinv2.json",
        "/assets/fake/AccessGetInvitationEditThirdStepinv3.json",
        "/assets/fake/AccessPostInputByAccessIdap3.json",
        "/assets/fake/ContactGetByInvitationIdaccess1.json",
        "/assets/fake/ContactGetByInvitationIdaccess2.json",
        "/assets/fake/ContactGetByInvitationIdinv1.json",
        "/assets/fake/ContactGetByInvitationIdinv2.json",
        "/assets/fake/ContactGetBySiteAdmin.json",
        "/assets/fake/ContactGetBySiteController.json",
        "/assets/fake/ContactGetBySiteOperator.json",
        "/assets/fake/ContactGetBySiteOwner.json",
        "/assets/fake/ContactGetList.json",
        "/assets/fake/ContactGetNotInvited.json",
        "/assets/fake/ScanGetResultAuthorized.json",
        "/assets/fake/ScanGetResultDenied.json",
        "/assets/fake/ScanGetResultNotAuthorized.json",
        "/assets/fake/SiteGet.json",
        "/assets/fake/SiteGetByIdsite1.json",
        "/assets/fake/SiteGetByIdsite2.json",
        "/assets/fake/SiteGetByIdsite3.json",
        "/assets/fake/SiteGetInvitationsByIdsite1.json",
        "/assets/fake/SiteGetInvitationsByIdsite2.json",
        "/assets/fake/SiteGetListItem.json",
        "/assets/fake/SiteGetWizardFirstStepByIdsite1.json",
        "/assets/fake/SiteGetWizardFirstStepByIdsite2.json",
        "/assets/fake/TermsGet.json",
        "/assets/fake/UserGetNotification.json",
        "/assets/fake/UserGetProfile.json",
        "/assets/fake/images/1s.png",
        "/assets/fake/images/4s.png",
        "/assets/fake/images/accessParty.jpg",
        "/assets/fake/images/altos_del_sol.jpg",
        "/assets/fake/images/andres.jpeg",
        "/assets/fake/images/countryLarge.png",
        "/assets/fake/images/coverSite1.png",
        "/assets/fake/images/coverSite2.png",
        "/assets/fake/images/cumple_laura.jpg",
        "/assets/fake/images/cumple_laura2.jpg",
        "/assets/fake/images/cumple_laura3.jpg",
        "/assets/fake/images/eppical.png",
        "/assets/fake/images/eppical2.jpg",
        "/assets/fake/images/eppical_old.png",
        "/assets/fake/images/gimnasio.jpg",
        "/assets/fake/images/gimnasio_2.jpg",
        "/assets/fake/images/imgCountry.png",
        "/assets/fake/images/imgSports.png",
        "/assets/fake/images/jardineria.jpg",
        "/assets/fake/images/logo-eppical.svg",
        "/assets/fake/images/map-example.png",
        "/assets/fake/images/person_scan.jpg",
        "/assets/fake/images/pizzas.jpg",
        "/assets/fake/images/profile1.png",
        "/assets/fake/images/profile2.png",
        "/assets/fake/images/profile3.png",
        "/assets/fake/images/profile4.png",
        "/assets/fake/images/profile5.png",
        "/assets/fake/images/spa1.jpg",
        "/assets/fake/images/spa2.jpg",
        "/assets/fake/images/spa3.jpg",
        "/assets/fake/images/sportsLarge.png",
        "/assets/fake/images/tenis.jpg",
        "/assets/fake/images/urubo-map.png",
        "/assets/fake/images/urubo1.jpg",
        "/assets/fake/images/urubo2.jpg",
        "/assets/fake/images/urubo3.jpg",
        "/assets/fake/images/urubo3.png",
        "/assets/fake/invitationCategories/education.svg",
        "/assets/fake/invitationCategories/family.svg",
        "/assets/fake/invitationCategories/host.svg",
        "/assets/fake/invitationCategories/job.svg",
        "/assets/fake/invitationCategories/meet.svg",
        "/assets/fake/invitationCategories/party.svg",
        "/assets/fake/invitationCategories/service.svg",
        "/assets/fake/invitationCategories/sports.svg",
        "/assets/fake/notification/UserGetNotification.json",
        "/assets/fake/notification/notification1.json",
        "/assets/fake/notification/notification2.json",
        "/assets/fake/notification/notification3.json",
        "/assets/fake/siteCategories/building.svg",
        "/assets/fake/siteCategories/club.svg",
        "/assets/fake/siteCategories/commerce.svg",
        "/assets/fake/siteCategories/complex.svg",
        "/assets/fake/siteCategories/country.svg",
        "/assets/fake/siteCategories/factory.svg",
        "/assets/fake/siteCategories/house.svg",
        "/assets/fake/siteCategories/institute.svg",
        "/assets/fake/siteCategories/office.svg",
        "/assets/fake/siteCategories/stadium.svg",
        "/assets/footer/central-icon.svg",
        "/assets/i18n/en.json",
        "/assets/i18n/es.json",
        "/assets/icon/favicon.png",
        "/assets/icons/administrator-icon.svg",
        "/assets/icons/avatar.png",
        "/assets/icons/controller-icon.svg",
        "/assets/icons/error.svg",
        "/assets/icons/globeIcon.png",
        "/assets/icons/icon-128x128.png",
        "/assets/icons/icon-144x144.png",
        "/assets/icons/icon-152x152.png",
        "/assets/icons/icon-192x192.png",
        "/assets/icons/icon-256x256.png",
        "/assets/icons/icon-384x384.png",
        "/assets/icons/icon-512x512.png",
        "/assets/icons/icon-72x72.png",
        "/assets/icons/icon-96x96.png",
        "/assets/icons/iconbanner.svg",
        "/assets/icons/invite-icon.svg",
        "/assets/icons/operator-icon.svg",
        "/assets/icons/owner-icon.svg",
        "/assets/icons/site-icon.svg",
        "/assets/onboarding/phone.png",
        "/assets/onboarding/splash/splash-error.svg",
        "/assets/onboarding/splash/splash01.svg",
        "/assets/onboarding/splash/splash02.svg",
        "/assets/onboarding/splash/splash03.svg",
        "/assets/onboarding/splash/splash04.svg",
        "/assets/shapes.svg",
        "/assets/template/images/preload-logo.png",
        "/flags.png",
        "/flags@2x.png",
        "/iconbanner.svg",
        "/preload-logo.png"
      ],
      "patterns": []
    }
  ],
  "dataGroups": [],
  "hashTable": {
    "/assets/fake/AccessGet.json": "7f51d1072e97c315a6b7020f11221af9c07b11c6",
    "/assets/fake/AccessGetAccessPointByIdap1.json": "65617d5eb5e572b0826695a75f8ca11d5d9c62e8",
    "/assets/fake/AccessGetAccessPointByIdap2.json": "54086cb08bacc46cdf390f5dcb1b650af6032cbb",
    "/assets/fake/AccessGetAccessPointByIdap3.json": "136bd84a9eeef888dfd131d656d80bee7cb2e94f",
    "/assets/fake/AccessGetAccessPointByIdap4.json": "764cfc1e77e3f4408cb4fb1f9391aa4458f64513",
    "/assets/fake/AccessGetAccessPointFirstStepap1.json": "da55c19e289e59f5aed7bcf6eb555de8d4c3340d",
    "/assets/fake/AccessGetAccessPointFirstStepap2.json": "448211fee900ea73e79f03be77618037639fe5d1",
    "/assets/fake/AccessGetAccessPointInvitationsByIdap1.json": "21a340f363e0efdc57d024e27084f08b72e1f2a9",
    "/assets/fake/AccessGetAccessPointSecondStepap2.json": "0a2cfbdb549f7ab62f774f8a4de4e8b8c38b266a",
    "/assets/fake/AccessGetAccessPointThirdStepap2.json": "7208322a1c508f137f6ba58be4937b5bdc52ab97",
    "/assets/fake/AccessGetAccessRegisterByIdaccess1.json": "ea2b423d9092e6ce5abdfd155e8629a89c155285",
    "/assets/fake/AccessGetAccessRegisterByIdsite1.json": "b57fad4d28242bee959c3dea4a3aa6ca81078c97",
    "/assets/fake/AccessGetAccessRegisterByIdsite2.json": "366b5094f13b0834ef224d00d4a252986902bbe6",
    "/assets/fake/AccessGetByIdaccess1.json": "b3b8c2132fdff4c6853e73357144c8c45b137960",
    "/assets/fake/AccessGetByIdaccess2.json": "982a8a996d52c0251703276275540ac55e8e8a94",
    "/assets/fake/AccessGetByIdaccess3.json": "6f0e801657fef2a618ad63436bef46bbfddbee58",
    "/assets/fake/AccessGetByIdinv1.json": "52ca7e15e0105543b2c06d1e37848669b4fc2f2d",
    "/assets/fake/AccessGetByIdinv2.json": "59a9d6770f2148f27090245e4cf4237910604498",
    "/assets/fake/AccessGetByIdinv3.json": "2476d1739bd98c1464f830324830310d26d9c738",
    "/assets/fake/AccessGetCategories.json": "3b1758a77c72a891f9c15bdb9043c041162face2",
    "/assets/fake/AccessGetGuestByIdinv1.json": "5b47b750bad3411d93537d387b2b58ebc9fe9cd3",
    "/assets/fake/AccessGetGuestByIdinv2.json": "0fe4cdffd61939c6f67215319f992495eab235ba",
    "/assets/fake/AccessGetGuestByIdinv3.json": "3d904fa3cfbc41a478211f1dc5a6d0c9afeb7dc7",
    "/assets/fake/AccessGetInvitation.json": "21a340f363e0efdc57d024e27084f08b72e1f2a9",
    "/assets/fake/AccessGetInvitationAccessPointssite1.json": "cab7d87e72d9a7b42005fa0aaeffdadaa7530b4e",
    "/assets/fake/AccessGetInvitationAccessPointssite2.json": "168b202da1ee9ba61df19dae0429c65a1e4cd6ac",
    "/assets/fake/AccessGetInvitationAccessPointssite3.json": "40b51cab557ba38188254dc3cf8d82bdffa1c0ce",
    "/assets/fake/AccessGetInvitationByIdaccess1.json": "eaf83a460ed31b8935cfe52fffe383601177f2bb",
    "/assets/fake/AccessGetInvitationByIdaccess2.json": "23cd48bdfc0c54227cc2544b725fb1fbc71ecd74",
    "/assets/fake/AccessGetInvitationByIdinv1.json": "13629266b476f8db74d6311412e77518c73890d9",
    "/assets/fake/AccessGetInvitationByIdinv2.json": "3f2e55133f5bc679f127b97b619b23fcae8705fb",
    "/assets/fake/AccessGetInvitationByIdinv3.json": "13629266b476f8db74d6311412e77518c73890d9",
    "/assets/fake/AccessGetInvitationEditFirstStepinv1.json": "66f60f9d503ec651bcc86b95e3afe7d6322737d0",
    "/assets/fake/AccessGetInvitationEditFirstStepinv2.json": "66f60f9d503ec651bcc86b95e3afe7d6322737d0",
    "/assets/fake/AccessGetInvitationEditFirstStepinv3.json": "66f60f9d503ec651bcc86b95e3afe7d6322737d0",
    "/assets/fake/AccessGetInvitationEditSecondStepaccess1.json": "846cf342ef92c38a5ce6cbd5b0cbabc890f36982",
    "/assets/fake/AccessGetInvitationEditSecondStepinv1.json": "05872b7ab65c8c9be050c18b0368bd7f6936889e",
    "/assets/fake/AccessGetInvitationEditSecondStepinv2.json": "dfdb09effbf1ec1ea98680ce693d59fea5522d38",
    "/assets/fake/AccessGetInvitationEditSecondStepinv3.json": "34ba91dcfa89eed8fc4326eb6830f2e4a75ee3c5",
    "/assets/fake/AccessGetInvitationEditThirdStepinv1.json": "e0968f903c18fa36543662d3ababbc48318d5d06",
    "/assets/fake/AccessGetInvitationEditThirdStepinv2.json": "82a32220137a034e1e4ece30e6bec24fb88e0fa9",
    "/assets/fake/AccessGetInvitationEditThirdStepinv3.json": "a437a2727f09ad25bbe04401ab74ea885a6cf9c8",
    "/assets/fake/AccessPostInputByAccessIdap3.json": "16ab9927d2f531725090d88410adb9d4517edae6",
    "/assets/fake/ContactGetByInvitationIdaccess1.json": "85a9fe38d0b61998de6eb9abcb528df362c0559f",
    "/assets/fake/ContactGetByInvitationIdaccess2.json": "85a9fe38d0b61998de6eb9abcb528df362c0559f",
    "/assets/fake/ContactGetByInvitationIdinv1.json": "85a9fe38d0b61998de6eb9abcb528df362c0559f",
    "/assets/fake/ContactGetByInvitationIdinv2.json": "df36f0c61c48d234121022b691432659207ba869",
    "/assets/fake/ContactGetBySiteAdmin.json": "24e37498d2febb598047615c04b18e94e5c02679",
    "/assets/fake/ContactGetBySiteController.json": "df36f0c61c48d234121022b691432659207ba869",
    "/assets/fake/ContactGetBySiteOperator.json": "df36f0c61c48d234121022b691432659207ba869",
    "/assets/fake/ContactGetBySiteOwner.json": "df36f0c61c48d234121022b691432659207ba869",
    "/assets/fake/ContactGetList.json": "c8e8e17ea021f38f2b8f5d5336a6a8b92be18d1e",
    "/assets/fake/ContactGetNotInvited.json": "6b04c2feb05430b832c4df9823416dfb96fb02ba",
    "/assets/fake/ScanGetResultAuthorized.json": "0a80a7d3401dfb32f1383a213e4cead1b58b3c31",
    "/assets/fake/ScanGetResultDenied.json": "658acf284c21572d569e5dcc30dee43fa99e3427",
    "/assets/fake/ScanGetResultNotAuthorized.json": "ab0c530be505a218001fb593afe7012f88123f21",
    "/assets/fake/SiteGet.json": "f8be66612ca99e42f233ddc9f87b8e567e1f100e",
    "/assets/fake/SiteGetByIdsite1.json": "b405e9009f5269c0c8e2f5413ec5ddbf39dcc558",
    "/assets/fake/SiteGetByIdsite2.json": "b0c846dd470fa9a079646de0d56f54f344f7c51a",
    "/assets/fake/SiteGetByIdsite3.json": "f062170e0e191c15f5f2217fa52edb71ba637f15",
    "/assets/fake/SiteGetInvitationsByIdsite1.json": "ff7f0eb6167cc2e22cdf6ffe2261a5461a5336d9",
    "/assets/fake/SiteGetInvitationsByIdsite2.json": "6197e4b5002dd5769f9e734202b45443c39cb2f1",
    "/assets/fake/SiteGetListItem.json": "82e2806ee6f997ea24f7294670988fbbdfe43fd9",
    "/assets/fake/SiteGetWizardFirstStepByIdsite1.json": "c155d975dcc25634190fb46c32c9768c0f86b0ad",
    "/assets/fake/SiteGetWizardFirstStepByIdsite2.json": "fd939aae4f6fe8808e23c9de4ce87489e5c18aee",
    "/assets/fake/TermsGet.json": "71a882af4793be9f5a21d5d06a77f334fb2858e8",
    "/assets/fake/UserGetNotification.json": "37b65bbdf42cfe9b12bae5fc9386de089f786c0c",
    "/assets/fake/UserGetProfile.json": "8844fd37fd92089a40ee336fbd9549858ce37c06",
    "/assets/fake/images/1s.png": "d712f0ace6210de3a3f7182e7c7a7ab200eeae29",
    "/assets/fake/images/4s.png": "33b95f115b4c3617c236be5d8034a7d15cf7c046",
    "/assets/fake/images/accessParty.jpg": "fe4234265b0c2512f09360727623129320268fd6",
    "/assets/fake/images/altos_del_sol.jpg": "6a68b66db97fbcf199d40eec359fa27a1d84256f",
    "/assets/fake/images/andres.jpeg": "727398526f61aa6150e8fda774c144bf4860da03",
    "/assets/fake/images/countryLarge.png": "7c875c5e3ef7e5b1bf7045c33d7ddebba51492c8",
    "/assets/fake/images/coverSite1.png": "c7e1b9aa5dcf3e4ced83d3f7b0c62246b2f67d6f",
    "/assets/fake/images/coverSite2.png": "d5d5b8a995a1167c7f40b5b9fd17f6eaf0031eac",
    "/assets/fake/images/cumple_laura.jpg": "cac1d7aa9e6da9b53d2a3a49a4d6ffd242b8ba0f",
    "/assets/fake/images/cumple_laura2.jpg": "cfe93712925dee1fc82554a76f45879ea5452a89",
    "/assets/fake/images/cumple_laura3.jpg": "c74b38910619597ee886a08704a1244699294f76",
    "/assets/fake/images/eppical.png": "225965e08504215f02120ff56d056ebd997d05eb",
    "/assets/fake/images/eppical2.jpg": "374565e32ba5c169c56ed3edeca12341f20f2ce8",
    "/assets/fake/images/eppical_old.png": "8b009d30c96272c7b77a7c2f23dcb3df5ea80f37",
    "/assets/fake/images/gimnasio.jpg": "35747cb9875e4a7bd7926a229e615470ea67aadc",
    "/assets/fake/images/gimnasio_2.jpg": "e49e063b1bb19f59e105a9b94047b34250b0114e",
    "/assets/fake/images/imgCountry.png": "fb274d625f48fea901d1630246901abdfb316e63",
    "/assets/fake/images/imgSports.png": "b0b1e1043b84b18536593e934852987ff365ae27",
    "/assets/fake/images/jardineria.jpg": "901650c1a5994565e8999bfc66a5433bc21b3625",
    "/assets/fake/images/logo-eppical.svg": "a4e10403ed607ecc5cc3b3cc7fe6f5d69e69ea92",
    "/assets/fake/images/map-example.png": "f65a56e5e1e1dc464eb3a55203445ff0ce51f8c7",
    "/assets/fake/images/person_scan.jpg": "289c52ccdf4d521a6fecd3ef496ad1ebea7a1ccb",
    "/assets/fake/images/pizzas.jpg": "06fc0e983aadd39d561a46f7f9c14aa7546ce7a4",
    "/assets/fake/images/profile1.png": "0181aeb00c914bad1585a999b65c1261fa2cd511",
    "/assets/fake/images/profile2.png": "f1d01032ad3434f63b1033c8dabacf0b9c996018",
    "/assets/fake/images/profile3.png": "8bbce37a96c7d9313fe028e49d3fd264b3987581",
    "/assets/fake/images/profile4.png": "cf66baaae3ab900e9a15d59072b449f22330b36d",
    "/assets/fake/images/profile5.png": "be6f61268518a8180b28c55c8ead9d03ead09ba2",
    "/assets/fake/images/spa1.jpg": "0dedcada2a3b766de1b935010224cc7b0575c723",
    "/assets/fake/images/spa2.jpg": "010ac4d0ed3831b102b4bab2405b57a8133c3efa",
    "/assets/fake/images/spa3.jpg": "e1da525439d3ffcd0a3fce0a0401171d346e94d3",
    "/assets/fake/images/sportsLarge.png": "24f8e616f26b39b66721d811ba229cdbcf0e2895",
    "/assets/fake/images/tenis.jpg": "c25aa5681d80ad9a8fc43c8e2a8e554333b58bf4",
    "/assets/fake/images/urubo-map.png": "bdb1ba57b35d595dfa4cb29c0c66baa28117b563",
    "/assets/fake/images/urubo1.jpg": "5d35713119baeec75708587d68bf7995b60e28d5",
    "/assets/fake/images/urubo2.jpg": "aed0c76a9c0786e8778506d2aa0fa3234dca3411",
    "/assets/fake/images/urubo3.jpg": "63bcf8d61233294a73dfdc510afac06d60607c64",
    "/assets/fake/images/urubo3.png": "ffad5f4b3712a9748f5253c96f2dff7f02f718da",
    "/assets/fake/invitationCategories/education.svg": "fbc48e24b6ee6be4cb9c2be213053c68d9b38692",
    "/assets/fake/invitationCategories/family.svg": "9be780af84cb2c20a5722140aede441b623f5801",
    "/assets/fake/invitationCategories/host.svg": "679bf7684c05d09fe81dcd00161cf0c82f7505aa",
    "/assets/fake/invitationCategories/job.svg": "e4b5dcd7f71f49737087fe9fc38ada83647d4ffc",
    "/assets/fake/invitationCategories/meet.svg": "1b4a4848a84558d1369c478ddeb5cca4a92ddc38",
    "/assets/fake/invitationCategories/party.svg": "745ae5973483f2add3a2f0aa57844fda14125fae",
    "/assets/fake/invitationCategories/service.svg": "a9c3b5abeaac2c24ed3baccd07f3e7c8603d22d3",
    "/assets/fake/invitationCategories/sports.svg": "727155e795231b270933517598464b6735ffcb79",
    "/assets/fake/notification/UserGetNotification.json": "37b65bbdf42cfe9b12bae5fc9386de089f786c0c",
    "/assets/fake/notification/notification1.json": "ade6235689f6f6ee2328be71c847c3361633f2a5",
    "/assets/fake/notification/notification2.json": "56e295558ed9a3d68ffceb30ad3e3739939527fc",
    "/assets/fake/notification/notification3.json": "7c737924f259da5d9393fc637146c1aa361768ac",
    "/assets/fake/siteCategories/building.svg": "9d850f513f37251aa938e57840080a9b8f11a60b",
    "/assets/fake/siteCategories/club.svg": "ef70ad222222e189cea44cfb9b43f55f90d665d0",
    "/assets/fake/siteCategories/commerce.svg": "9636f5eda638ad7142842bbcd5646ed579d6692c",
    "/assets/fake/siteCategories/complex.svg": "17332e25ca7090398166d7e157404170c0a65ec4",
    "/assets/fake/siteCategories/country.svg": "42a1c5d9d000eded0e8b637a667008dcc025d6ed",
    "/assets/fake/siteCategories/factory.svg": "fa0f073b49003b2b4e62bb0bb8e0ab1aa7f066a1",
    "/assets/fake/siteCategories/house.svg": "487f94b5cb6e46d4836d6c258a2871c3e46d6c94",
    "/assets/fake/siteCategories/institute.svg": "2c5aa28deac14e9bd2dd053aada05dbffb3dd09c",
    "/assets/fake/siteCategories/office.svg": "2cb5f995fe22ca4171500e4e1aefadba9d139771",
    "/assets/fake/siteCategories/stadium.svg": "712d5210f37c1782b361fa2845e35847a0464c52",
    "/assets/footer/central-icon.svg": "1c8f2b2c8e4018a39b45985a58b26aaa8627372c",
    "/assets/i18n/en.json": "0559f6cc7fc9eabb8c05a69179c1364f0b6570fd",
    "/assets/i18n/es.json": "9be1720a89c0ff88d6be8fc699b71f8521cc8db3",
    "/assets/icon/favicon.png": "fbe7f5f6f96326efda6e91d0805d2c13e00f3a98",
    "/assets/icons/administrator-icon.svg": "dc2423c4e7943c5a3b51148170a985f661846353",
    "/assets/icons/avatar.png": "558751a490b0611353c9886af883b1daed64496d",
    "/assets/icons/controller-icon.svg": "65d722baa26b3bc8444c7b83d56cf5458dd4e1c8",
    "/assets/icons/error.svg": "4347d7d8aacfdbba68a334338ce923c7a1bd2184",
    "/assets/icons/globeIcon.png": "d9764ba140af944cef36df30bd73af903121493c",
    "/assets/icons/icon-128x128.png": "c76248686a7068f3c0e5137ddd36e86ea1fd7d1a",
    "/assets/icons/icon-144x144.png": "41492577eab0346a431f9d98fc8bdbeadbd2cac0",
    "/assets/icons/icon-152x152.png": "7a1224e6f04b0cdced460f88ba86ad7c2464c431",
    "/assets/icons/icon-192x192.png": "a683fd9909223b8716ed73e6b23926ca3a0e2c81",
    "/assets/icons/icon-256x256.png": "84cc92cf5dc3bea417877ea7895cfda00ffcfaa6",
    "/assets/icons/icon-384x384.png": "da3e4ec205eb8850463e3304b80c129970b983c2",
    "/assets/icons/icon-512x512.png": "093e2bf10462a97db7fdf70fcd50b4fc716b9c38",
    "/assets/icons/icon-72x72.png": "352458bd18f21a16591033dd5d69e0d7efdae65e",
    "/assets/icons/icon-96x96.png": "2c2c4e878a03deeda0a0fa5cb64ac60345fd3a10",
    "/assets/icons/iconbanner.svg": "8afcb294daaf895ec9521e7fff75e8b660943174",
    "/assets/icons/invite-icon.svg": "0c2ad76c44eb6a20365dce3b18b550d2937d4879",
    "/assets/icons/operator-icon.svg": "e75448aea9d62da9b9053bb842ea2f3e0f538861",
    "/assets/icons/owner-icon.svg": "22390efcc4770f8658e6c9bd525538a2c770b6c6",
    "/assets/icons/site-icon.svg": "70a25b211a03855751bd8156d2d14ffd34036d06",
    "/assets/onboarding/phone.png": "eb4fad63880261e5e0b0f283b28eb41ffa4e44c8",
    "/assets/onboarding/splash/splash-error.svg": "f8148a2366c201beda8222ba1acecdbc3112a73b",
    "/assets/onboarding/splash/splash01.svg": "9ddd7d696bf9a4123f21029726c3b02ec2c4bfeb",
    "/assets/onboarding/splash/splash02.svg": "5cb05fe2e3212c492e89811f127586b932a27a25",
    "/assets/onboarding/splash/splash03.svg": "36e874ee4c09d8264eee3be60197555010404689",
    "/assets/onboarding/splash/splash04.svg": "894916f5567f27efa74b38b1bb78956f1b280f1b",
    "/assets/shapes.svg": "638f87e27e6fc7ddfd6e6b262ea70d690f6c7011",
    "/assets/template/images/preload-logo.png": "4fc404115509f8b6222d064d8c212baba8a6467c",
    "/common.js": "fc8a213cec16246c2b4b959fae0cbda8c8df13ba",
    "/default-node_modules_ionic_core_dist_esm_data-4b448e3a_js-node_modules_ionic_core_dist_esm_th-4e82ad.js": "62b35ba8c83481017ad9584b497861e6c695718d",
    "/default-node_modules_ionic_core_dist_esm_form-controller-ed77647a_js-node_modules_ionic_core_-d00699.js": "ced3563bc8060cc05a9088669d9a442c46f972e4",
    "/default-node_modules_ionic_core_dist_esm_keyboard-controller-0c2dce71_js-node_modules_ionic_c-b0fbc0.js": "a8c3ff92dc19f31f5afd4f233400ef1c47e521ac",
    "/default-src_app_access_pages_access-point-wizard_new-access-point_business_ts-src_app_shared_-cd58b1.js": "637a261bb8fe54cfde7c8f0ffa24048da57ded20",
    "/default-src_app_invite_invite_module_ts.js": "18f230634f479a580e5a122c3fb81149bdf9ef54",
    "/default-src_app_shared_shared_module_ts.js": "34e37464177717c617c69a0537d2be82e189e6b2",
    "/flags.png": "21572c9751e5a3dc20395befa0fcb349c32c4811",
    "/flags@2x.png": "d6f843711c3cfe6d9a037e4c61d293f563e55802",
    "/iconbanner.svg": "8afcb294daaf895ec9521e7fff75e8b660943174",
    "/index.html": "f924a4b299dea21bf6a4ce7688996f93a1289b2b",
    "/main.js": "817d7d2d52935258269a1bee8ceefbd6a81a9292",
    "/manifest.json": "228d468a2b68eaf735b79fc8e04d48f37de4ba3b",
    "/node_modules_capacitor-community_barcode-scanner_dist_esm_web_js.js": "10b0929e2a258bd452b49d730df688c169677770",
    "/node_modules_capacitor-community_contacts_dist_esm_web_js.js": "f7c71ca6178a1f0a1fd96d65c08868a5f97fe49d",
    "/node_modules_capacitor-firebase_analytics_dist_esm_web_js.js": "72e3ab214cf056211d22bde21f9e4d490db46a47",
    "/node_modules_capacitor-firebase_remote-config_dist_esm_web_js.js": "db301d9c59f52d25132e349a79100c819db061d6",
    "/node_modules_capacitor-native-biometric_dist_esm_web_js.js": "0ae93f5fbec715f420112a22b0b847dd33211958",
    "/node_modules_capacitor_app_dist_esm_web_js.js": "afe15ad91957dde8df8e23bd2dd3129f9fc5c940",
    "/node_modules_capacitor_camera_dist_esm_web_js.js": "5c5a1aab9eb4478b5b76897a1eb3d1703f68efbb",
    "/node_modules_capacitor_device_dist_esm_web_js.js": "f687acd3d22ee57360862f6ab9b5366ba4a6bd99",
    "/node_modules_capacitor_geolocation_dist_esm_web_js.js": "ab9618a612dcf84375813b7014aeb8efa02c605d",
    "/node_modules_capacitor_network_dist_esm_web_js.js": "3cd27867238f2d2d376c0eb26360ac9f325a25f2",
    "/node_modules_capacitor_share_dist_esm_web_js.js": "767e6d8c29e7560ba28d6a064c7a6ad4819d346a",
    "/node_modules_capacitor_splash-screen_dist_esm_web_js.js": "9766589a17c53a1c43d3f6d8f295d1067ef76428",
    "/node_modules_capgo_capacitor-updater_dist_esm_web_js.js": "9573486be5f217c1709fb70506b95d1e49af2ddd",
    "/node_modules_ionic_core_dist_esm_index-f0cc4e14_js.js": "6ad6bf520d17437cbab5bed07d93907622f3f42f",
    "/node_modules_ionic_core_dist_esm_input-shims-af993f05_js.js": "addc5505a550addf9e878d94cdb77e88c02debf4",
    "/node_modules_ionic_core_dist_esm_ion-accordion_2_entry_js.js": "1369f40f5302d245299dc2cfd93611629ffa7ed1",
    "/node_modules_ionic_core_dist_esm_ion-action-sheet_entry_js.js": "32af348ba61b4627589778e8d1e4b587a32d23f9",
    "/node_modules_ionic_core_dist_esm_ion-alert_entry_js.js": "e608a88d5d07948511cc06b5b9ce86c0b0c4e4ad",
    "/node_modules_ionic_core_dist_esm_ion-app_8_entry_js.js": "a0b02a3ba525ef0eb9958aa5e2b15a41a46fd7a1",
    "/node_modules_ionic_core_dist_esm_ion-avatar_3_entry_js.js": "e3587294edaf88e0eaa7007ba27703328f0a3e90",
    "/node_modules_ionic_core_dist_esm_ion-back-button_entry_js.js": "7d65d4f19d121d8e17d4c534df79db72f2c358ed",
    "/node_modules_ionic_core_dist_esm_ion-backdrop_entry_js.js": "f83e61381d46a04a91b9273d0724f8a70a93a6a0",
    "/node_modules_ionic_core_dist_esm_ion-breadcrumb_2_entry_js.js": "6a21c6289db31d6dcd20ee99c56efbc8413316bd",
    "/node_modules_ionic_core_dist_esm_ion-button_2_entry_js.js": "00f679ea2b030cc153acfac5c3f51d86c390444f",
    "/node_modules_ionic_core_dist_esm_ion-card_5_entry_js.js": "48798fbb18a1a144cea7b6f728dffcb23ff91e74",
    "/node_modules_ionic_core_dist_esm_ion-checkbox_entry_js.js": "7c970dc736aa38f3574c7774f77559c5f99f1ce2",
    "/node_modules_ionic_core_dist_esm_ion-chip_entry_js.js": "539807aab0509ef7bff061987601b5eedcbd8cfc",
    "/node_modules_ionic_core_dist_esm_ion-col_3_entry_js.js": "baa5b37ef8b88923d477b133db37f0730525fcd2",
    "/node_modules_ionic_core_dist_esm_ion-datetime-button_entry_js.js": "f18dea14f517b2c86cdbaa356545df923e59b97e",
    "/node_modules_ionic_core_dist_esm_ion-datetime_3_entry_js.js": "98bf34a9b9427e03793580ca444e345b6a18fbca",
    "/node_modules_ionic_core_dist_esm_ion-fab_3_entry_js.js": "48b53642f63acf8dab7d2472ab5751b0ad9b65aa",
    "/node_modules_ionic_core_dist_esm_ion-img_entry_js.js": "bf983479d026e1ae68b53bee1ce3c891a22d5371",
    "/node_modules_ionic_core_dist_esm_ion-infinite-scroll_2_entry_js.js": "a436c649798252d29f08640394d630943596869c",
    "/node_modules_ionic_core_dist_esm_ion-input_entry_js.js": "c2563a3d19963334fdd1c176b7510743f1a7e173",
    "/node_modules_ionic_core_dist_esm_ion-item-option_3_entry_js.js": "064d1297e32d92c51b605d90b76256bae476af66",
    "/node_modules_ionic_core_dist_esm_ion-item_8_entry_js.js": "26c11e52e757d63ab18f001a7746e0b3635f4814",
    "/node_modules_ionic_core_dist_esm_ion-loading_entry_js.js": "1cac649dc334109688f124779b4a567c3954d5bc",
    "/node_modules_ionic_core_dist_esm_ion-menu_3_entry_js.js": "f7afde1398507f9044241f4d5a59b87ebfc7fc67",
    "/node_modules_ionic_core_dist_esm_ion-modal_entry_js.js": "91238985c81373e840deb6a2b76cea55c17fc352",
    "/node_modules_ionic_core_dist_esm_ion-nav_2_entry_js.js": "1fac17e676ca46afe8577cae1edf50ace750a887",
    "/node_modules_ionic_core_dist_esm_ion-picker-column-internal_entry_js.js": "f9468a9eece71d03ab9eabf42ffebd2aebb37ce9",
    "/node_modules_ionic_core_dist_esm_ion-picker-internal_entry_js.js": "c5f836d860ff45b2168d7a7c0158e15f78036a95",
    "/node_modules_ionic_core_dist_esm_ion-popover_entry_js.js": "204bd184e861d92674ccaf525be169af29e6600f",
    "/node_modules_ionic_core_dist_esm_ion-progress-bar_entry_js.js": "0ccdf979b4eac5192e593cc0f85301e54eb4e670",
    "/node_modules_ionic_core_dist_esm_ion-radio_2_entry_js.js": "fdd8e0c10af81c49261c3237bbb7b7229dff180f",
    "/node_modules_ionic_core_dist_esm_ion-range_entry_js.js": "897ed0f9cf21a61fa500accbd3337c0900144f16",
    "/node_modules_ionic_core_dist_esm_ion-refresher_2_entry_js.js": "e49b8b7d5a788b4e66c54905d2681be06b59f107",
    "/node_modules_ionic_core_dist_esm_ion-reorder_2_entry_js.js": "cfe538b3a37c5f21704c2e1a48324ac39c8e9733",
    "/node_modules_ionic_core_dist_esm_ion-ripple-effect_entry_js.js": "83a48905d12bb88b750aaba8f3847d83c477ac24",
    "/node_modules_ionic_core_dist_esm_ion-route_4_entry_js.js": "7827b93faa31d1052f9e6ab6d84abc9519c4078c",
    "/node_modules_ionic_core_dist_esm_ion-searchbar_entry_js.js": "f32a7aeead251e0701562489d5504531c0e3c40a",
    "/node_modules_ionic_core_dist_esm_ion-segment_2_entry_js.js": "142b33d7aa012fcf8cdfc14a26d5ae8b20fbc8c9",
    "/node_modules_ionic_core_dist_esm_ion-select_3_entry_js.js": "ce5c24cd07941d680424493dc8ae0f6f7a66263d",
    "/node_modules_ionic_core_dist_esm_ion-spinner_entry_js.js": "f7a76bee1ec65e941658a9ee9689556f4b0679df",
    "/node_modules_ionic_core_dist_esm_ion-split-pane_entry_js.js": "4e495d4540cfc05e1dab7d346b60548393b1f4f3",
    "/node_modules_ionic_core_dist_esm_ion-tab-bar_2_entry_js.js": "d91253746da3b1d69e3cceb14ad9025ebd7e98e6",
    "/node_modules_ionic_core_dist_esm_ion-tab_2_entry_js.js": "f4c753e8c410e0c39dfa432cab6f1811def823a8",
    "/node_modules_ionic_core_dist_esm_ion-text_entry_js.js": "9590ca6a5190c0f013993216c706bb0f75412d50",
    "/node_modules_ionic_core_dist_esm_ion-textarea_entry_js.js": "db7a7e85981da3d3d161010491a413116efb87cb",
    "/node_modules_ionic_core_dist_esm_ion-toast_entry_js.js": "bf047531971f1944060c3a7a02a6d403c77f9b86",
    "/node_modules_ionic_core_dist_esm_ion-toggle_entry_js.js": "073eddfbd0569f3797e2c7b888614d24340bb446",
    "/node_modules_ionic_core_dist_esm_status-tap-823a0df3_js.js": "d2a9f52f619e6720ac833e4a94ee15bb4b973279",
    "/polyfills-core-js.js": "495f67b40de8bbf5b5010a8ddf7ac853432b812d",
    "/polyfills-dom.js": "85bbf7148a82918a44169b3fa3879c4df9a07e3b",
    "/polyfills.js": "9fb19a388aec81fb62d7d5311124382141afaebf",
    "/preload-logo.png": "4fc404115509f8b6222d064d8c212baba8a6467c",
    "/runtime.js": "1c6710609352989cc663a9936e3b7da27816e648",
    "/src_app_access_access_module_ts.js": "41939d77b790e220631eebb1e35c4dfbab4fea0a",
    "/src_app_credential_credential_module_ts.js": "d79fc7bdc6bd522d024c4c1377f45894f9a987d4",
    "/src_app_faq_faq_module_ts.js": "2d799ec0406b94f0c02f38424e50d6753b3ff082",
    "/src_app_notification_notification_module_ts.js": "17e259d0c33c50514e8539871308aee84b3141bc",
    "/src_app_onboarding_onboarding_module_ts.js": "db9826f3f373d5bd4fb25126dc5e8a4260fde8fa",
    "/src_app_profile_profile_module_ts.js": "72a03285cb29f6d959987e8d6889813485577033",
    "/src_app_scan_scan_module_ts.js": "27d48f75d906cbae4898196bba1f68ff32f6f12d",
    "/src_app_shared_pages_error_error_module_ts.js": "d0d414e2a605d82496cc1589de272e78961a6c05",
    "/src_app_shared_pages_landing_landing_module_ts.js": "725f9e096732fe31b507e641614eafda410d40b2",
    "/src_app_shared_pages_pricing_pricing_module_ts.js": "81231b098c6c37eecfa0c245a923a8c2508d64fe",
    "/src_app_sites_sites_module_ts.js": "b2dfd7f8f3e10b4c19e741b5f45b3c16626173c5",
    "/styles.css": "527958958b4b0d92a40f6a3ba86fcbe52f26a1d3",
    "/vendor.js": "23355ecf83c5dabeeea0764bee3d98a8f26021e8"
  },
  "navigationUrls": [
    {
      "positive": true,
      "regex": "^\\/.*$"
    },
    {
      "positive": false,
      "regex": "^\\/(?:.+\\/)?[^/]*\\.[^/]*$"
    },
    {
      "positive": false,
      "regex": "^\\/(?:.+\\/)?[^/]*__[^/]*$"
    },
    {
      "positive": false,
      "regex": "^\\/(?:.+\\/)?[^/]*__[^/]*\\/.*$"
    }
  ],
  "navigationRequestStrategy": "performance"
}