{
    "data": {
        "id": "notification1",
        "invitationId": "access2",
        "invitedByName": "Laura",
        "invitedById": "user1",
        "guestByName": "Leo Messi",
        "guestById": "1",
        "description": "Cumpleaños de laura",
        "createdDate": "2022-10-04T09:00:00Z",
        "invitationDate":"2023-08-25T18:00:00Z",
        "notificationType": "Invitation",
        "presentationImg": "assets/fake/images/cumple_laura.jpg",
        "read": false
    },
  "message": null,
  "error": null,
  "code": null
}