{
    "data": {
        "id": "notification3",
        "invitationId": "access1",
        "invitedByName": "Susana",
        "invitedById": "user2",
        "guestByName": "Leo Messi",
        "guestById": "1",
        "description": "Día de Spa",
        "createdDate": "2022-10-04T09:00:00Z",
        "invitationDate": "2023-01-02T18:00:00Z",
        "notificationType": "AssistConfirm",
        "presentationImg": "assets/fake/images/altos_del_sol.jpg",
        "read": true
    },
  "message": null,
  "error": null,
  "code": null
}