{
  "data": [
      {
      "id": "1",
      "invitationId": "access2",
      "invitedByName": "Laura",
      "invitedById": "user1",
      "guestByName": "Leo Messi",
      "guestById": "1",
      "description": "Cumpleaños de laura",
      "createdDate": "2022-10-04",
      "invitationDate":"2023-08-25T00:00:00Z",
      "notificationType": "Invitation",
      "presentationImg": "assets/fake/images/cumple_laura.jpg",
      "read": false
    },
    {
      "id": "2",
      "invitationId": "access1",
      "invitedByName": "Susana",
      "invitedById": "user2",
      "guestByName": "Leo Messi",
      "guestById": "1",
      "description": "Día de Spa",
      "createdDate": "2022-10-04",
      "invitationDate":"2023-08-25T00:00:00Z",
      "notificationType": "Arrival",
      "presentationImg": "assets/fake/images/altos_del_sol.jpg",
      "read": false
    },
    {
      "id": "3",
      "invitationId": "access1",
      "invitedByName": "Susana",
      "invitedById": "user2",
      "guestByName": "Leo Messi",
      "guestById": "1",
      "description": "Día de Spa",
      "createdDate": "2022-10-04",
      "invitationDate":"2023-08-25T00:00:00Z",
      "notificationType": "AssistConfirm",
      "presentationImg": "assets/fake/images/altos_del_sol.jpg",
      "read": true
    }
  ],
  "message": null,
  "error": null,
  "code": null
}
