{
    "data": 
    [
      {
        "registerId": "reg2",
        "accessId": "access1",
        "siteId": "site1",
        "controllerUserId": "controller2",
        "controllerUserName": "Son Gokú",
        "scanResult": "Authorized",
        "entradaOSalida": "Output",
        "userName": "Ken Watanabe",
        "accessDoor": "Puerta Principal",
        "userProfileImg": "assets/fake/images/profile2.png",
        "registerDate": "2023-03-31 00:00:00",
        "invitation": {
          "invitationId": "access1",
          "siteId": "site1",
          "place": "Puerta Acceso H",
          "description": "Puerta H",
          "monday": true,
          "tuesday": true,
          "wednesday": true,
          "thursday": true,
          "friday": true,
          "saturday": true,
          "sunday": true,
          "dateFrom": "2022-07-30T00:00:00Z",
          "dateTo": "2030-07-30T00:00:00Z",
          "hourTo": 23,
          "minuteTo": 59,
          "hourFrom": 0,
          "minuteFrom": 0,
          "roles": ["Owner"],
          "coverImg": "assets/fake/images/altos_del_sol.jpg",
          "presentationImg": ["assets/fake/images/altos_del_sol.jpg"],
          "ownerName": "Leo Messi"
        }
      }
    ],
    "message": null,
    "error": null,
    "code": null
  }
  