{
  "data": {
    "siteId": "ap2",
    "roles": ["Owner"],
    "name": "Entrada Proveedor",
    "location": {
      "address": "Comercial el Chuubi, Local 1, Equipetrol, Santa Cruz de la Sierra, Bolivia",
      "latitude": -17.74420805403382,
      "longitude": -63.21833326576078,
      "imgSrc": "assets/fake/images/urubo-map.png"
    },
    "formDescription": "Presentar documento y comprobante de seguro automotor",
    "inputs": [
      { "label": "Patente", "value": "", "id": 1 },
      { "label": "Acompañantes", "value": "", "id": 2 }
    ],
    "presentationImg": ["assets/fake/images/coverSite2.png"],
    "monday": true,
    "tuesday": true,
    "wednesday": true,
    "thursday": true,
    "friday": true,
    "saturday": false,
    "sunday": false,
    "hourTo": 22,
    "minuteTo": 0,
    "hourFrom": 8,
    "minuteFrom": 0
  },
  "message": null,
  "error": null,
  "code": null
}
 