{
  "data": {
    "invitationId": "access1",
    "siteId": "site1",
    "place": "Puerta Acceso H",
    "site": "Urubó",
    "description": "Puerta H",
    "largeDescription": "",
    "monday": true,
    "tuesday": true,
    "wednesday": true,
    "thursday": true,
    "friday": true,
    "saturday": true,
    "sunday": true,
    "dateFrom": "2022-07-30T00:00:00Z",
    "dateTo": "2030-07-30T00:00:00Z",
    "hourFrom": 0,
    "minuteFrom": 0,
    "hourTo": 23,
    "minuteTo": 59,
    "roles": ["Owner"],
    "coverImg": "assets/fakse/images/urubo1.jpg",
    "presentationImg": ["assets/fake/images/urubo1.jpg", "assets/fake/images/urubo2.jpg", "assets/fake/images/urubo3.png"],
    "ownerImg": "",
    "ownerName": "Diego Maradona",
    "category": {
      "id": "country",
      "description": "Country",
      "icon": ["fas", "house"]
    }
  },
  "message": null,
  "error": null,
  "code": null
}
