{
  "data": {
    "id": "ap1",
    "name": "Entrada Proveedor",
    "previousAccess": "",
    "images":
    [
      {"image":"assets/fake/images/coverSite2.png", "name":"Urubó Golf"}
    ],
    "doors":
    [
      { "access": {
        "siteId": "ap1",
        "roles": ["Owner"],
        "name": "Entrada Principal",
        "location": {
          "address": "Comercial el Chuubi, Local 1, Equipetrol, Santa Cruz de la Sierra, Bolivia",
          "latitude": -34.63047,
          "longitude": -58.62615,
          "imgSrc": "assets/fake/images/map-example.png"
        },
        "formDescription": "Presentar DNI y comprobante de seguro automotor",
        "inputs": [
          { "label": "Patente", "value": "", "id": 1 },
          { "label": "Acompañantes", "value": "", "id": 2 }
        ],
        "presentationImg": ["assets/fake/images/altos_del_sol.jpg"],
        "monday": true,
        "tuesday": true,
        "wednesday": true,
        "thursday": true,
        "friday": true,
        "saturday": true,
        "sunday": true,
        "hourTo": 23,
        "minuteTo": 59,
        "hourFrom": 0,
        "minuteFrom": 0  
      }, 
      "selected": false
      },
      { 
        "access": 
        {
          "siteId": "ap2",
          "roles": ["Guest"],
          "name": "Entrada Proveedor",
          "location": {
            "address": "Comercial el Chuubi, Local 1, Equipetrol, Santa Cruz de la Sierra, Bolivia",
            "latitude": -34.63047,
            "longitude": -58.62615,
            "imgSrc": "assets/fake/images/map-example.png"
          },
          "formDescription": "Presentar DNI y comprobante de seguro automotor",
          "inputs": [
            { "label": "Patente", "value": "", "id": 1 },
            { "label": "Acompañantes", "value": "", "id": 2 }
          ],
          "presentationImg": ["assets/fake/images/coverSite2.png"],
          "monday": true,
          "tuesday": true,
          "wednesday": true,
          "thursday": true,
          "friday": true,
          "saturday": false,
          "sunday": false,
          "hourTo": 22,
          "minuteTo": 0,
          "hourFrom": 8,
          "minuteFrom": 0
        },
      "selected": true
       
      }
    ]
  },
  "message": null,
  "error": null,
  "code": null
}
