{
  "data": {
    "invitationId": "inv1",
    "siteId": "site1",
    "place": "Propiedad 25",
    "site": "Urubó",
    "description": "Pizzas en casa",
    "largeDescription": "Para festejar la inauguración de mi casa, los invito a comer unas pizzas.",
    "monday": true,
    "tuesday": true,
    "wednesday": true,
    "thursday": true,
    "friday": true,
    "saturday": true,
    "sunday": true,
    "dateFrom": "2023-03-31T00:00:00Z",
    "dateTo": "2023-03-31T00:00:00Z",
    "hourFrom": 21,
    "minuteFrom": 0,
    "hourTo": 23,
    "minuteTo": 0,
    "roles": ["Admin"],
    "coverImg": "assets/fakse/images/pizzas.jpg",
    "presentationImg": ["assets/fake/images/pizzas.jpg"],
    "ownerImg": "assets/fake/images/4s.png",
    "ownerName": "Alejandro",
    "category": {
      "id": "party",
      "description": "Fiesta",
      "icon": ["fas", "champagne-glasses"]
    }
    
  },
  "message": null,
  "error": null,
  "code": null
}
