{
  "data": {
    "id": "ap1",
    "roles": ["Guest"],
    "name": "Entrada Principal",
    "previousAccess": "",
    "description": "Entrada Principal",
    "images":
    [
        {"image":"assets/fake/images/urubo1.jpg", "name":"Urubó Golf"},
        {"image":"assets/fake/images/urubo2.jpg" , "name":"Urubó Golf"},
        {"image":"assets/fake/images/urubo3.jpg" , "name":"Urubó Golf"}
    ],
    "doors":
    [
          {
      "siteId": "ap1",
      "roles": ["Owner"],
      "name": "Entrada Principal",
      "location": {
        "address": "Comercial el Chuubi, Local 1, Equipetrol, Santa Cruz de la Sierra, Bolivia",
        "latitude": -34.63047,
        "longitude": -58.62615,
        "imgSrc": "assets/fake/images/map-example.png"
      },
      "formDescription": "Presentar DNI y comprobante de seguro automotor",
      "inputs": [
        { "label": "Patente", "value": "", "id": 1 },
        { "label": "Acompañantes", "value": "", "id": 2 }
      ],
      "presentationImg": ["assets/fake/images/altos_del_sol.jpg"],
      "monday": true,
      "tuesday": true,
      "wednesday": true,
      "thursday": true,
      "friday": true,
      "saturday": true,
      "sunday": true,
      "hourTo": 23,
      "minuteTo": 59,
      "hourFrom": 0,
      "minuteFrom": 0
    },
    {
      "siteId": "ap2",
      "roles": ["Guest"],
      "name": "Entrada Proveedor",
      "location": {
        "address": "Comercial el Chuubi, Local 1, Equipetrol, Santa Cruz de la Sierra, Bolivia",
        "latitude": -34.63047,
        "longitude": -58.62615,
        "imgSrc": "assets/fake/images/map-example.png"
      },
      "formDescription": "Presentar DNI y comprobante de seguro automotor",
      "inputs": [
        { "label": "Patente", "value": "", "id": 1 },
        { "label": "Acompañantes", "value": "", "id": 2 }
      ],
      "presentationImg": ["assets/fake/images/coverSite2.png"],
      "monday": true,
      "tuesday": true,
      "wednesday": true,
      "thursday": true,
      "friday": true,
      "saturday": false,
      "sunday": false,
      "hourTo": 22,
      "minuteTo": 0,
      "hourFrom": 8,
      "minuteFrom": 0
    }
    ]
  },
  "message": null,
  "error": null,
  "code": null
}
