{
  "data": [
    {
      "siteId": "site3",
      "roles": ["Owner"],
      "name": "Entrada General",
      "location": {
        "address": "Km. 73 Ruta Provincial 2, La Plata, Provincia de Buenos Aires, Argentina",
        "latitude": -34.63047,
        "longitude": -58.62615,
        "imgSrc": "assets/fake/images/map-example.png"
      },
      "formDescription": "Presentar DNI y comprobante de seguro automotor",
      "inputs": [
        { "label": "Patente", "value": "", "id": 1 },
        { "label": "Acompañantes", "value": "", "id": 2 }
      ],
      "presentationImg": ["assets/fake/images/altos_del_sol.jpg"],
      "monday": true,
      "tuesday": true,
      "wednesday": true,
      "thursday": true,
      "friday": true,
      "saturday": true,
      "sunday": true,
      "hourTo": 23,
      "minuteTo": 59,
      "hourFrom": 0,
      "minuteFrom": 0
    },
    {
      "siteId": "ap4",
      "roles": ["Guest"],
      "name": "Entrada Servicios",
      "location": {
        "address": "Km. 75 Ruta Provincial 2, La Plata, Provincia de Buenos Aires",
        "latitude": -34.63047,
        "longitude": -58.62615,
        "imgSrc": "assets/fake/images/map-example.png"
      },
      "formDescription": "Presentar DNI y comprobante de seguro automotor",
      "inputs": [
        { "label": "Patente", "value": "", "id": 1 },
        { "label": "Acompañantes", "value": "", "id": 2 }
      ],
      "presentationImg": ["assets/fake/images/coverSite2.png"],
      "monday": true,
      "tuesday": true,
      "wednesday": true,
      "thursday": true,
      "friday": true,
      "saturday": false,
      "sunday": false,
      "hourTo": 22,
      "minuteTo": 0,
      "hourFrom": 8,
      "minuteFrom": 0
    }
  ],
  "message": null,
  "error": null,
  "code": null
}
