{
  "data": {
    "siteId": "ap1",
    "roles": ["Guest"],
    "name": "Entrada General",
    "location": {
      "address": "Km. 73 Ruta Provincial 2, La Plata, Provincia de Buenos Aires",
      "latitude": -35.1539752552165,
      "longitude": -58.04282939813624,
      "imgSrc": "assets/fake/images/map-example.png"
    },
    "formDescription": "Presentar documento y comprobante de seguro automotor",
    "inputs": [
      { "label": "Patente", "value": "", "id": 1 },
      { "label": "Acompañantes", "value": "", "id": 2 }
    ],
    "presentationImg": ["assets/fake/images/altos_del_sol.jpg"],
    "monday": true,
    "tuesday": true,
    "wednesday": true,
    "thursday": true,
    "friday": true,
    "saturday": true,
    "sunday": true,
    "hourTo": 23,
    "minuteTo": 59,
    "hourFrom": 0,
    "minuteFrom": 0
  },
  "message": null,
  "error": null,
  "code": null
}
