{
    "data" : 
    [
        {
        "personId": "person1",
        "personName": "Rosario",
        "personImg":"assets/fake/images/profile3.png",
        "date" : "2023-04-16 00:00:00",
        "title": "Confirmó asistencia"
        },
        {
            "personId": "person2",
            "personName": "Roberta",
            "personImg":"assets/fake/images/profile1.png",
            "date" : "2023-04-16 00:00:00",
            "title": "Confirmó asistencia"
            }
    ]
}