{
  "data": {
    "invitationId": "access3",
    "siteId": "site2",
    "place": "Piso 2",
    "site": "Espacio Jonte",
    "description": "Eppical",
    "largeDescription": "Acceso a colaboradores y proveedores",
    "monday": true,
    "tuesday": true,
    "wednesday": true,
    "thursday": true,
    "friday": true,
    "saturday": false,
    "sunday": false,
    "dateFrom": "2023-01-02T00:00:00Z",
    "dateTo": "2023-12-31T00:00:00Z",
    "hourFrom": 7,
    "minuteFrom": 30,
    "hourTo": 19,
    "minuteTo": 30,
    "roles": ["Guest"],
    "coverImg": "assets/fake/images/eppical.jpg",
    "presentationImg": [
      "/assets/fake/images/eppical.png",
      "/assets/fake/images/eppical2.jpg"
      
    ],
    "ownerImg": "assets/fake/images/andres.jpeg",
    "ownerName": "Andres Stang",
    "category": {
      "id": "job",
      "description": "Trabajo",
      "icon": ["fas", "suitcase"]
    }
  },
  "message": null,
  "error": null,
  "code": null
}
