{
    "data": {
            "recurrent": false,
            "noEnd": true,
            "allDay": true,
            "dateFrom": "2022-04-15",
            "dateTo": "2022-04-15",
            "timeFrom": "09:00:00",
            "timeTo": "12:00:00",
            "daysVM": {
                "allDays": true, 
                "monday": false,
                "tuesday": false,
                "wednesday": false,
                "thursday": false,
                "friday": false,
                "saturday": false,
                "sunday": false
            }
    },
    "message": null,
  "error": null,
  "code": null
}