{
  "data": {
    "invitationId": "inv2",
    "siteId": "site2",
    "place": "Propiedad 77",
    "site": "Haras del Sur",
    "description": "Cumpleaños de Laura",
    "largeDescription": "Es el cumpleaños de Laura y lo estaremos festejando en nuestra casa, esperamos todos puedan venir a compartir con nosotros.",
    "monday": false,
    "tuesday": false,
    "wednesday": false,
    "thursday": false,
    "friday": true,
    "saturday": false,
    "sunday": false,
    "dateFrom": "2023-08-25T00:00:00Z",
    "dateTo": "2023-08-25T00:00:00Z",
    "roles": ["Guest"],
    "coverImg": "assets/fake/images/cumple_laura.jpg",
    "presentationImg": [
      "/assets/fake/images/cumple_laura.jpg",
      "/assets/fake/images/cumple_laura2.jpg",
      "/assets/fake/images/cumple_laura3.jpg"
    ],
    "ownerImg": "assets/fake/images/1s.png",
    "ownerName": "Vicente",
    "category": {
      "id": "party",
      "description": "Fiesta",
      "icon": ["fas", "champagne-glasses"]
    }
  },
  "message": null,
  "error": null,
  "code": null
}
