{
  "data": [
    { 
    "id": "sports",
    "description": "Deportes",
    "icon": ["fas", "person-running"]
    },
    { 
    "id": "owner",
    "description": "Dueño",
    "icon": ["fas", "user"]
    },
    { 
    "id": "education",
    "description": "Educación",
    "icon": ["fas", "school"]
    },
    { 
    "id": "family",
    "description": "Familia",
    "icon": ["fas", "family"]
    },
    { 
    "id": "party",
    "description": "Fiesta",
    "icon": ["fas", "champagne-glasses"]
    },
    { 
    "id": "meet",
    "description": "Reunión",
    "icon": ["fas", "handshake"]
    },
    { 
    "id": "service",
    "description": "Servicio",
    "icon": ["fas", "screwdriver-wrench"]
    },
    { 
    "id": "job",
    "description": "Trabajo",
    "icon": ["fas", "briefcase"]
    }
  ],
  "message": null,
  "error": null,
  "code": null
}
