{
    "data": {
            "recurrent": false,
            "noEnd": false,
            "allDay": false,
            "dateFrom": "2023-01-01",
            "dateTo": "2023-12-30",
            "timeFrom": "08:00:00",
            "timeTo": "10:30:00",
            "daysVM": {
                "allDays": false, 
                "monday": false,
                "tuesday": true,
                "wednesday": false,
                "thursday": true,
                "friday": false,
                "saturday": false,
                "sunday": false
            }
    },
    "message": null,
  "error": null,
  "code": null
}