{
  "data": {
    "invitationId": "access1",
    "siteId": "site1",
    "place": "Propiedad 25",
    "site": "Altos del Sol",
    "description": "Servicio de jardinería",
    "largeDescription": "Servicio de jardinería",
    "monday": false,
    "tuesday": true,
    "wednesday": false,
    "thursday": true,
    "friday": false,
    "saturday": false,
    "sunday": false,
    "dateFrom": "2023-01-02T00:00:00Z",
    "dateTo": "2023-12-31T00:00:00Z",
    "hourFrom": 8,
    "minuteFrom": 0,
    "hourTo": 10,
    "minuteTo": 30,
    "roles": ["Admin"],
    "coverImg": "assets/fakse/images/jardineria.jpg",
    "presentationImg":  ["assets/fake/images/jardineria.jpg"],
    "ownerImg": "assets/fake/images/4s.png",
    "ownerName": "Alejandro",
    "category": {
      "id": "service",
      "description": "Servicio",
      "icon": ["fas", "screwdriver-wrench"]
    }
  },
  "message": null,
  "error": null,
  "code": null
}