{
    "data": [{
      "registerId": "reg3",
      "accessId": "access2",
      "siteId": "site2",
      "controllerUserId": "controller3",
      "controllerUserName": "Roman Riquelme",
      "scanResult": "Authorized",
      "entradaOSalida": "Input",
      "userName": "Miguel",
      "accessDoor": "Puerta Principal",
      "userProfileImg": "assets/fake/images/profile2.png",
      "registerDate": "2023-03-31 00:00:00",
      "invitation": {
        "invitationId": "access1",
        "siteId": "site2",
        "place": "OverTime",
        "description": "OverTime",
        "monday": true,
        "tuesday": true,
        "wednesday": true,
        "thursday": true,
        "friday": true,
        "saturday": true,
        "sunday": true,
        "dateFrom": "2022-07-30T00:00:00Z",
        "dateTo": "2030-07-30T00:00:00Z",
        "hourTo": 23,
        "minuteTo": 59,
        "hourFrom": 0,
        "minuteFrom": 0,
        "roles": ["Owner"],
        "coverImg": "assets/fake/images/altos_del_sol.jpg",
        "presentationImg": ["assets/fake/images/altos_del_sol.jpg"],
        "ownerName": "Leo Messi"
      }
    }],
    "message": null,
    "error": null,
    "code": null
  }
  