{
  "data": [
    {
      "userId": "user3",
      "invitationId": "",
      "contactId": "c3",
      "name": "Samanta Rey",
      "profileImg": "assets/fake/images/profile3.png",
      "phones": [1123456789, 1133334444]
    },
    {
      "userId": "user4",
      "invitationId": "",
      "contactId": "c4",
      "name": "Francisco Tomaselli",
      "profileImg": "assets/fake/images/profile4.png",
      "phones": [1123456789, 1133334444]
    },
    {
      "userId": "user5",
      "invitationId": "",
      "name": "Moni",
      "contactId": "c5",
      "profileImg": "assets/fake/images/profile5.png",
      "phones": [1123456789, 1133334444]
    }
  ],
  "message": null,
  "error": null,
  "code": null
}
