{
  "data": [
    {
      "userId": "user3",
      "invitationId": "",
      "name": "Samanta Rey",
      "profileImg": "assets/fake/images/profile3.png",
      "contactId": "c3",
      "phones": [
        {"number": 1123456789, "label": "Celular", "isPrimary": true},
        {"number": 1122334455, "label": "Secundario", "isPrimary": false}
      ]
    },
    {
      "userId": "user4",
      "invitationId": "",
      "contactId": "c4",
      "name": "Francisco Tomaselli",
      "profileImg": "assets/fake/images/profile4.png",
      "phones": [
        {"number": 1123456789, "label": "Celular", "isPrimary": true},
        {"number": 1122334455, "label": "Secundario", "isPrimary": false}
      ]
    },
    {
      "userId": "user5",
      "invitationId": "",
      "contactId": "c5",
      "name": "Moni",
      "profileImg": "assets/fake/images/profile5.png",
      "phones": [
        {"number": 1123456789, "label": "Celular", "isPrimary": true}
      ]
    }
  ],
  "message": null,
  "error": null,
  "code": null
}
