{
  "data": [
    {
      "userId": "user1",
      "invitationId": "access1",
      "name": "Mariana Lopez",
      "profileImg": "assets/fake/images/profile1.png",
      "contactId": "c1",
      "phones": [1123456789]
    },
    {
      "userId": "user2",
      "invitationId": "access1",
      "name": "Pedro - colegio",
      "profileImg": "assets/fake/images/profile2.png",
      "contactId": "c2",
      "phones": [1123456789]
    }
  ],
  "message": null,
  "error": null,
  "code": null
}
