{
  "data": {
    "scanId": "scan1",
    "userId": "user1",
    "scanResult": "Deny",
    "userName": "Gonzalo",
    "userIdDocument": "32.345.678",
    "userProfileImg": "assets/fake/images/person_scan.jpg",
    "lastReported": "2023-01-24T05:10:00Z",
    "inputs": [
      { "label": "Patente", "value": "", "id": 1 },
      { "label": "Acompañantes", "value": "", "id": 2 }
    ],
    "invitations": [
    {
      "invitationId": "access1",
      "siteId": "site1",
      "place": "Altos del Sol, Ituzaingó",
      "description": "Puerta Acceso H",
      "monday": true,
      "tuesday": true,
      "wednesday": true,
      "thursday": true,
      "friday": true,
      "saturday": true,
      "sunday": true,
      "dateFrom": "2022-07-30T00:00:00Z",
      "dateTo": "2030-07-30T00:00:00Z",
      "hourTo": 23,
      "minuteTo": 59,
      "hourFrom": 0,
      "minuteFrom": 0,
      "roles": ["Owner"],
      "coverImg": "assets/fake/images/altos_del_sol.jpg",
      "presentationImg": ["assets/fake/images/altos_del_sol.jpg"]
    },
    {
      "invitationId": "access2",
      "siteId": "site2",
      "place": "Haras del Sur, Brandsen",
      "description": "Cumpleaños de Laura",
      "monday": false,
      "tuesday": false,
      "wednesday": false,
      "thursday": false,
      "friday": true,
      "saturday": false,
      "sunday": false,
      "dateFrom": "2023-08-25T00:00:00Z",
      "dateTo": "2023-08-25T00:00:00Z",
      "hourTo": 23,
      "minuteTo": 45,
      "hourFrom": 22,
      "minuteFrom": 15,
      "roles": ["Guest"],
      "coverImg": "assets/fake/images/cumple_laura.jpg",
      "presentationImg": [ "assets/fake/images/cumple_laura.jpg","assets/access/accessParty.jpg"]
    },
    {
      "invitationId": "access3",
      "siteId": "site3",
      "place": "Espacio Jonte, Castelar",
      "description": "Eppical",
      "monday": true,
      "tuesday": true,
      "wednesday": true,
      "thursday": true,
      "friday": true,
      "saturday": false,
      "sunday": false,
      "dateFrom": "2023-01-02T00:00:00Z",
      "dateTo": "2023-12-31T00:00:00Z",
      "hourTo": 19,
      "minuteTo": 30,
      "hourFrom": 7,
      "minuteFrom": 30,
      "roles": ["Guest"],
      "coverImg": "assets/fake/images/logo-eppical.svg",
      "presentationImg": ["assets/onboarding/splash/splash02.svg", "assets/onboarding/splash/splash03.svg"]
    }
  ]
  },
  "message": null,
  "error": null,
  "code": null
}
