{
  "data": {
    "siteId": "site2",
    "name": "OverTime",
    "description": "Cuidá tu salud con nostros, conocenos y empezá a mejorar tu vida cotidiana",
    "category": {
      "id": "club",
      "description": "Club",
      "icon": ["fas", "synagogue"]
    },
    "presentationImg": ["assets/fake/images/gimnasio.jpg", "assets/fake/images/gimnasio_2.jpg"],
    "roles": ["Admin"],
    "location": {
      "address": "Independencia 3246, Merlo",
      "latitude": -34.63047,
      "longitude": -58.62615,
      "imgSrc": "assets/fake/images/map-example.png"
    }
  },
  "message": null,
  "error": null,
  "code": null
}
