{
  "data": [
    {
      "invitationId": "inv1",
      "siteId": "site2",
      "place": "Altos del Sol, Ituzaingó",
      "description": "Pizzas en casa",
      "monday": false,
      "tuesday": false,
      "wednesday": false,
      "thursday": false,
      "friday": true,
      "saturday": false,
      "sunday": false,
      "dateFrom": "2023-03-31T00:00:00Z",
      "dateTo": "2023-03-31T00:00:00Z",
      "hourTo": 23,
      "minuteTo": 0,
      "hourFrom": 21,
      "minuteFrom": 0,
      "roles": ["Admin"],
      "coverImg": "assets/fake/images/pizzas.jpg",
      "presentationImg": ["assets/fake/images/pizzas.jpg"]
    },
    {
      "invitationId": "inv2",
      "siteId": "site2",
      "place": "Altos del Sol, Ituzaingó",
      "description": "Día de Spa!",
      "monday": false,
      "tuesday": false,
      "wednesday": false,
      "thursday": false,
      "friday": false,
      "saturday": false,
      "sunday": true,
      "dateFrom": "2023-04-16T00:00:00Z",
      "dateTo": "2023-04-16T00:00:00Z",
      "hourTo": 12,
      "minuteTo": 0,
      "hourFrom": 9,
      "minuteFrom": 0,
      "roles": ["Admin"],
      "coverImg": "assets/fake/images/spa1.jpg",
      "presentationImg": [ "assets/fake/images/spa1.jpg","assets/fake/images/spa2.jpg","assets/fake/images/spa3.jpg"]
    },
    {
      "invitationId": "inv3",
      "siteId": "site2",
      "place": "Altos del Sol, Ituzaingó",
      "description": "Servicio de jardinería",
      "monday": false,
      "tuesday": true,
      "wednesday": false,
      "thursday": true,
      "friday": false,
      "saturday": false,
      "sunday": false,
      "dateFrom": "2023-01-02T00:00:00Z",
      "dateTo": "2023-12-31T00:00:00Z",
      "hourTo": 10,
      "minuteTo": 30,
      "hourFrom": 8,
      "minuteFrom": 0,
      "roles": ["Admin"],
      "coverImg": "assets/fake/images/jardineria.jpg",
      "presentationImg": ["assets/fake/images/jardineria.jpg"]
    }
  ],
  "message": null,
  "error": null,
  "code": null
}
