{
  "data": {
    "siteId": "site3",
    "name": "Prueba NEW SITE",
    "description": "Prueba para tarea 6425",
    "category": {
        "id": "sports",
        "description": "Deportes",
        "icon": ["fas", "person-running"]
    },
    "presentationImg": ["assets/fake/images/gimnasio.jpg", "assets/fake/images/gimnasio_2.jpg"],
    "roles": ["Admin"],
    "location": {
      "address": "Independencia 3246, Merlo",
      "latitude": -34.63047,
      "longitude": -58.62615,
      "imgSrc": "assets/fake/images/map-example.png"
    }
  },
  "message": null,
  "error": null,
  "code": null
}
