{
  "data": {
    "siteId": "site1",
    "name": "Urubó Golf",
    "description": "Urubó Golf Country Club y Residencias es un proyecto único en Bolivia, con más de 183 Has. de esparcimiento, con un Country Club que cuenta con todas las amenidades deportivas incluyendo una cancha de Golf de 18 hoyos (PGA estándar)",
    "category": {
      "id": "country",
      "description": "Country",
      "icon": ["fas", "house"]
    },
    "presentationImg": ["assets/fake/images/urubo1.jpg", "assets/fake/images/urubo2.jpg", "assets/fake/images/urubo3.jpg"],
    "roles": ["Owner"],
    "location": {
      "address":"Comercial el Chuubi, Local 1, Equipetrol, Santa Cruz de la Sierra, Bolivia",
      "latitude": -34.63047,
      "longitude": -58.62615,
      "imgSrc": "assets/fake/images/urubo-map.png"
    }
  },
  "message": null,
  "error": null,
  "code": null
}
